id,name,tax_no,start_date,end_date,created_by,updated_by
1,Myotis lucifugus,ljoectdhixvfbu,2022-06-04T21:05:43Z,2022-01-05T16:20:24Z,1,1
2,Morelia spilotes variegata,jmyknqbsaxguicfdprv,2021-09-27T14:53:22Z,2021-07-31T02:52:50Z,2,2
3,Dusicyon thous,cdorynpskgtzlaibqmuf,2021-10-23T18:27:59Z,2022-01-20T12:52:01Z,3,3
4,Chauna torquata,oqtjawybgivpmkxnchz,2021-06-16T21:51:50Z,2022-05-13T02:55:49Z,4,4
5,Connochaetus taurinus,ouzpryfjkqmwb,2022-04-04T09:33:15Z,2021-08-15T04:13:30Z,5,5
6,Crotalus cerastes,tnosxkvdujzefglabyi,2022-04-01T15:29:36Z,2022-04-16T19:38:51Z,6,6
7,Irania gutteralis,dmvoheqcintwjbsugkz,2021-09-25T13:15:54Z,2021-12-11T18:02:02Z,7,7
8,Pycnonotus nigricans,deucjhlgvsyrokztfp,2022-01-23T08:54:52Z,2022-01-06T14:58:54Z,8,8
9,Buteo regalis,peoglyqwdnsm,2021-07-08T16:17:42Z,2021-10-08T09:36:49Z,9,9
10,Pitangus sulphuratus,pmxnuqcwkgiyjf,2021-07-11T02:42:35Z,2021-10-21T15:10:30Z,10,10
11,Geochelone elegans,iudcqwrznlyb,2022-01-31T18:40:13Z,2021-07-29T10:31:30Z,11,11
12,Felis chaus,seqwztcxoju,2021-06-20T02:08:17Z,2022-02-18T00:17:36Z,12,12
13,Mungos mungo,aywilbgxnzhforqpjcse,2022-03-09T15:33:31Z,2021-08-08T09:35:49Z,13,13
14,Cervus unicolor,sizcvldqwmbk,2021-08-26T18:11:23Z,2021-08-23T01:32:32Z,14,14
15,Sula dactylatra,tcrydsxuhpnmigzwqe,2021-11-08T08:43:03Z,2022-04-08T13:20:19Z,15,15
16,unavailable,kybpgltufnh,2021-11-06T06:23:55Z,2021-08-10T07:55:45Z,16,16
17,Eudromia elegans,hoxkenavtd,2021-12-14T08:19:59Z,2022-01-15T02:14:04Z,17,17
18,Lamprotornis superbus,rdsjmgzaciuelbvwtxko,2022-03-18T11:07:28Z,2021-06-14T03:24:48Z,18,18
19,Vulpes chama,wysipejfdurhl,2022-04-06T05:54:08Z,2022-04-28T09:53:59Z,19,19
20,Colobus guerza,bpswkzmayulrxvt,2022-01-04T06:25:08Z,2021-10-28T12:57:46Z,20,20
21,Geochelone elephantopus,kfqpdwelrxju,2021-12-25T16:46:38Z,2022-04-28T10:06:05Z,21,21
22,Taxidea taxus,lwpxymvktcurosjzdhni,2022-03-26T18:39:48Z,2022-06-05T11:17:53Z,22,22
23,Ardea cinerea,nhvlcaifdurox,2021-10-19T07:30:39Z,2021-06-16T21:10:05Z,23,23
24,Epicrates cenchria maurus,kgcrqsueawfdbx,2021-09-01T11:32:03Z,2022-06-10T01:26:21Z,24,24
25,Dendrohyrax brucel,eaydwfkzvboultrcmg,2022-02-13T03:34:23Z,2021-10-05T13:13:22Z,25,25
26,Sula nebouxii,mhcavunpwkbdiy,2021-06-30T22:02:18Z,2021-11-01T15:11:30Z,26,26
27,Melursus ursinus,xofhtecqmupbg,2022-02-09T21:03:37Z,2021-12-12T10:39:33Z,27,27
28,Varanus komodensis,lzxiftcnpqaegy,2021-08-07T04:49:45Z,2021-10-31T17:39:57Z,28,28
29,Trichosurus vulpecula,vmyistawuzc,2022-03-17T21:40:43Z,2021-12-31T01:20:29Z,29,29
30,Bubulcus ibis,apzhuqlfojmsge,2021-11-20T09:37:52Z,2021-07-21T07:23:02Z,30,30
31,Dacelo novaeguineae,rantqjovbwk,2022-01-11T08:03:44Z,2022-03-15T08:23:27Z,31,31
32,Salvadora hexalepis,lmtkyedjocswh,2021-11-05T10:21:37Z,2021-08-09T11:06:56Z,32,32
33,Phascolarctos cinereus,hfrjmbceiynawpzds,2021-11-11T08:59:34Z,2021-12-02T04:45:56Z,33,33
34,Tiliqua scincoides,qphoidgwvblnekracux,2021-09-21T11:38:48Z,2022-02-08T05:22:28Z,34,34
35,Francolinus swainsonii,dcjwralqvxymoks,2021-09-10T22:56:26Z,2022-03-03T14:13:08Z,35,35
36,Diomedea irrorata,hmpqfscdruoe,2021-09-15T23:35:02Z,2021-11-30T07:58:29Z,36,36
37,Bassariscus astutus,gvtqwuyxzfnsmb,2022-03-19T05:25:16Z,2021-12-02T03:57:36Z,37,37
38,Agkistrodon piscivorus,psdihnrvqgtozwa,2021-07-04T07:40:14Z,2021-09-09T13:08:09Z,38,38
39,Anas bahamensis,yelwjsbrpvdogkinuz,2021-09-04T15:08:49Z,2022-02-12T05:01:52Z,39,39
40,Phalaropus fulicarius,mpctfxjzgirdk,2022-04-14T01:04:00Z,2022-02-07T11:14:59Z,40,40
41,Madoqua kirkii,uqlmpvcfiwdbxgsn,2021-10-15T11:41:28Z,2021-09-17T23:27:38Z,41,41
42,Cebus nigrivittatus,idstargkmezufbcl,2021-07-21T12:08:04Z,2021-08-11T09:22:52Z,42,42
43,Petaurus norfolcensis,wfkjxytidneqgrvls,2021-11-21T14:57:20Z,2022-06-02T13:01:33Z,43,43
44,Zenaida galapagoensis,wkuvioxqnmhsepaldb,2021-10-26T18:28:55Z,2021-09-28T11:03:33Z,44,44
45,Trachyphonus vaillantii,inmxlcdwhsp,2022-01-21T23:54:10Z,2021-06-21T20:16:15Z,45,45
46,Mirounga angustirostris,vfednryoki,2021-07-13T14:37:19Z,2022-02-01T18:48:19Z,46,46
47,Coluber constrictor,cvaepwngjs,2022-01-07T03:33:03Z,2021-10-13T11:32:35Z,47,47
48,Pseudoleistes virescens,elnbgxatvkc,2022-06-06T03:55:01Z,2021-06-13T19:31:42Z,48,48
49,Hyaena brunnea,ywshlqiakeczjugfpb,2022-05-11T06:27:05Z,2021-07-21T18:28:45Z,49,49
50,Grus canadensis,jphdakozulstxyng,2021-07-25T00:18:57Z,2021-12-26T17:15:50Z,50,50
51,Cynictis penicillata,ipqgljvsbuwrnmex,2022-01-08T15:07:14Z,2021-12-11T11:34:09Z,51,51
52,Pan troglodytes,edqbinxfczpuksgwr,2021-09-09T01:54:26Z,2021-12-03T23:03:36Z,52,52
53,Tragelaphus angasi,njmzsqiatlrbxohpcyd,2021-09-12T14:55:33Z,2021-08-07T22:36:11Z,53,53
54,Alligator mississippiensis,hwkxczlynjdegotsfbrp,2022-01-24T08:37:57Z,2021-06-20T09:28:44Z,54,54
55,Thylogale stigmatica,vmicyjpzxrfb,2021-07-08T20:44:25Z,2021-09-21T08:32:42Z,55,55
56,Rhea americana,rcenhbdoiwmvxfk,2021-11-18T09:25:27Z,2021-10-19T21:36:47Z,56,56
57,Bubalus arnee,zwshutrbqpgomjdnax,2021-10-16T17:33:05Z,2022-03-20T07:20:39Z,57,57
58,Cynictis penicillata,ghmdjuaxwiptfzeqc,2021-09-08T22:21:23Z,2021-10-29T19:00:35Z,58,58
59,Pytilia melba,vcfhbswetiygundrjpq,2021-09-16T11:58:28Z,2021-09-18T08:59:46Z,59,59
60,Thamnolaea cinnmomeiventris,doblpukwmigavx,2022-05-25T16:40:36Z,2021-06-29T14:09:34Z,60,60
61,Odocoileus hemionus,pgfmzdolybrxu,2022-04-06T15:21:30Z,2021-11-07T06:59:06Z,61,61
62,Theropithecus gelada,kjxgdezncqu,2021-06-17T23:52:18Z,2021-09-21T06:55:49Z,62,62
63,Pseudalopex gymnocercus,oknsablfqdipzwrhxev,2022-01-27T02:44:55Z,2022-03-22T02:32:34Z,63,63
64,Cochlearius cochlearius,gvwuzhntra,2021-06-25T09:46:06Z,2022-01-18T06:25:40Z,64,64
65,Pteronura brasiliensis,ihfuzynqkxjbdrmev,2021-11-18T01:59:10Z,2021-10-06T11:38:29Z,65,65
66,Porphyrio porphyrio,upkrxhnavcs,2022-05-25T06:07:25Z,2021-09-20T18:03:16Z,66,66
67,Axis axis,mqlkxrybfjv,2022-04-14T12:10:37Z,2022-03-10T06:18:58Z,67,67
68,Galago crassicaudataus,oqejlsmzwpngyrifut,2022-03-10T01:51:02Z,2021-11-03T04:01:05Z,68,68
69,Dicrostonyx groenlandicus,lsndrgjmhvozekb,2021-12-05T20:56:53Z,2022-05-25T23:42:29Z,69,69
70,Galictis vittata,oyrabvzldchtwgqkximp,2021-06-16T21:59:22Z,2022-05-12T03:20:41Z,70,70
71,Anastomus oscitans,vjqotnshcf,2022-04-04T15:28:14Z,2021-12-30T03:43:16Z,71,71
72,Zenaida asiatica,sdimpzyqlbcwrfjk,2021-07-06T18:12:43Z,2022-04-07T05:14:25Z,72,72
73,Larus fuliginosus,ugylpdnsvejzfqo,2022-03-24T11:35:06Z,2021-07-24T22:12:08Z,73,73
74,Carduelis uropygialis,amcqprxnbe,2021-09-03T11:41:10Z,2021-11-13T18:13:00Z,74,74
75,Aonyx capensis,jwokzvrdcg,2021-06-15T11:15:44Z,2021-12-22T20:13:30Z,75,75
76,Lemur fulvus,rpmxklytzdwvnhgiobef,2021-08-25T07:59:18Z,2022-05-10T05:09:47Z,76,76
77,Tapirus terrestris,plkiqbhzyarvxjtu,2022-06-03T14:26:23Z,2021-12-08T23:48:58Z,77,77
78,Varanus sp.,rfkjawinmgtzvc,2022-02-08T04:16:31Z,2022-06-09T13:44:28Z,78,78
79,Bassariscus astutus,zjpuadiolkmqtbywhers,2022-05-20T14:54:27Z,2021-07-17T00:28:10Z,79,79
80,Callorhinus ursinus,fpvlodkcqxamnezs,2022-05-09T02:23:21Z,2022-04-14T20:54:10Z,80,80
81,Ciconia ciconia,guilpfbqtrvsnwz,2022-05-14T09:35:00Z,2021-06-19T11:06:59Z,81,81
82,Neotis denhami,xsrqejhnlyftzb,2021-06-30T17:41:35Z,2022-05-27T03:34:02Z,82,82
83,Macropus fuliginosus,onvfrwkmut,2022-01-09T01:23:02Z,2021-08-23T16:18:55Z,83,83
84,Genetta genetta,cdoswaghumfqjirkev,2021-08-24T16:54:10Z,2021-08-10T06:58:24Z,84,84
85,Pavo cristatus,suqnewxrigvlojpyazmd,2021-07-22T00:33:33Z,2021-09-22T12:16:16Z,85,85
86,Otaria flavescens,zocepqtlrdmwihvsug,2021-10-09T20:58:01Z,2022-01-27T09:21:08Z,86,86
87,Stenella coeruleoalba,bpfiovqutgnjyrmzlcxh,2021-09-03T18:00:12Z,2022-02-02T22:29:23Z,87,87
88,Haliaeetus leucocephalus,ntuahdwzxmkvqrpi,2021-08-09T10:08:58Z,2022-02-12T02:06:59Z,88,88
89,Chamaelo sp.,qrsxiapzlvmkbogjd,2021-11-26T15:46:52Z,2022-04-14T05:38:53Z,89,89
90,Aonyx cinerea,anoehvkijbulwts,2022-04-05T11:24:38Z,2021-11-23T18:54:27Z,90,90
91,Chloephaga melanoptera,hqxefadkju,2021-11-27T09:29:34Z,2021-08-07T05:13:32Z,91,91
92,Galictis vittata,wsyonhquzbep,2022-04-19T23:05:43Z,2021-12-23T02:28:49Z,92,92
93,Ictonyx striatus,ewyqvlabidgusm,2022-03-30T10:13:26Z,2021-08-18T23:44:27Z,93,93
94,Martes americana,znuvwlgqhp,2021-07-03T08:40:49Z,2021-12-19T10:37:35Z,94,94
95,Chlidonias leucopterus,rovljcfgyeqiznhk,2022-02-12T19:23:04Z,2022-01-24T18:16:33Z,95,95
96,Phalaropus lobatus,ymsqgapniohxfbd,2021-06-29T09:45:34Z,2021-10-02T19:34:38Z,96,96
97,Mazama gouazoubira,jdfgrobqnckhvawp,2021-07-04T01:18:08Z,2021-09-30T19:03:55Z,97,97
98,Varanus salvator,vrnqtdyafoiclugskhe,2022-02-08T00:31:35Z,2021-08-28T07:04:40Z,98,98
99,Bassariscus astutus,ehxqzsoivkypucmrl,2022-03-14T02:09:30Z,2021-06-28T09:50:05Z,99,99
100,Oxybelis sp.,dlvaekgrouc,2021-12-31T03:14:22Z,2021-06-18T05:01:58Z,100,100
101,Vanessa indica,pizgrblevtkfh,2021-07-06T06:51:29Z,2021-06-16T20:31:32Z,101,101
102,Varanus sp.,omvhwqtzsruli,2021-10-31T18:44:01Z,2021-07-11T15:27:24Z,102,102
103,Amphibolurus barbatus,aubpfskdejrqycwno,2022-04-16T17:42:16Z,2022-01-21T01:13:12Z,103,103
104,Mungos mungo,veuhglycxfbqpnjdrwm,2022-05-22T21:56:22Z,2021-11-01T23:10:53Z,104,104
105,Dacelo novaeguineae,hyxlnwmeuojbivfrp,2022-03-01T01:50:38Z,2022-03-02T09:34:58Z,105,105
106,Paraxerus cepapi,vhetdckaipbnlmwrxgj,2021-11-20T06:16:43Z,2021-12-30T11:26:22Z,106,106
107,Marmota monax,xdwnrqsvhliujmo,2021-07-18T20:14:32Z,2021-11-17T16:09:22Z,107,107
108,Nasua narica,hoytfxvnikpazlqs,2021-08-13T20:58:18Z,2021-09-26T10:07:10Z,108,108
109,Sarkidornis melanotos,eqzdyvgxtb,2021-08-28T20:59:22Z,2022-05-08T06:45:22Z,109,109
110,Funambulus pennati,xutjcmizsknwhdavy,2021-06-24T14:31:07Z,2022-05-19T00:23:51Z,110,110
111,Haliaeetus leucocephalus,tdcgvznxpo,2022-05-23T10:45:47Z,2021-11-14T20:33:44Z,111,111
112,Acridotheres tristis,yshltcixqmu,2022-03-31T19:01:41Z,2022-01-20T07:55:27Z,112,112
113,Varanus salvator,bqflurosgvyw,2021-11-03T07:52:58Z,2022-03-23T02:57:45Z,113,113
114,Papilio canadensis,ltsqoxrigybau,2021-07-19T07:47:31Z,2021-11-06T21:38:29Z,114,114
115,Myrmecophaga tridactyla,xtndhzjeyco,2021-10-23T19:58:46Z,2022-04-13T12:01:12Z,115,115
116,Sciurus vulgaris,axdrquiloy,2021-12-10T07:01:15Z,2021-08-16T13:50:52Z,116,116
117,Microcebus murinus,fzaklhewygx,2021-08-09T09:19:01Z,2022-03-11T20:16:45Z,117,117
118,Cercatetus concinnus,iryezmvbjlso,2021-06-13T00:56:51Z,2021-11-25T01:49:34Z,118,118
119,Kobus defassa,woiepxdnbagz,2022-04-29T22:40:23Z,2021-10-20T13:50:26Z,119,119
120,Eudyptula minor,vhiecprgfn,2021-09-28T15:31:10Z,2021-07-10T07:20:32Z,120,120
121,Ctenophorus ornatus,tbfcydklezvpnrwguq,2022-05-24T21:22:30Z,2022-04-06T18:21:24Z,121,121
122,Vanellus chilensis,mydgrusnjqtzw,2021-12-20T12:59:42Z,2021-07-23T08:57:47Z,122,122
123,Psophia viridis,gvprumkyxqblznc,2021-12-19T22:14:58Z,2021-08-31T04:16:01Z,123,123
124,Numida meleagris,sfjvqmgxioerah,2021-12-17T12:22:46Z,2022-02-23T05:21:18Z,124,124
125,Cynictis penicillata,ncfgorpbui,2022-01-04T07:32:10Z,2021-11-13T04:48:40Z,125,125
126,Ciconia episcopus,soqztcdrvuae,2022-05-25T22:27:51Z,2021-08-17T08:51:57Z,126,126
127,Antechinus flavipes,fuhkpxbgmd,2021-09-09T14:13:18Z,2022-04-01T12:36:22Z,127,127
128,Eudyptula minor,wbqscmodfx,2021-07-18T20:14:29Z,2021-11-15T06:34:20Z,128,128
129,Lamprotornis nitens,gxarqzbkispw,2022-02-25T21:54:51Z,2022-01-24T17:59:44Z,129,129
130,Nasua narica,lgkijarwcps,2022-05-24T07:30:28Z,2022-01-31T23:02:57Z,130,130
131,Lorythaixoides concolor,waoxvgmehljdfpiy,2022-02-18T08:50:25Z,2022-01-31T03:05:34Z,131,131
132,Laniarius ferrugineus,pkioewabxqtzjyng,2022-05-27T11:58:38Z,2021-07-14T14:16:41Z,132,132
133,Morelia spilotes variegata,msotngpkhre,2022-02-02T23:09:09Z,2021-12-11T23:23:07Z,133,133
134,Anas bahamensis,kdijseulvfqr,2021-11-22T19:07:13Z,2022-03-17T00:37:18Z,134,134
135,Vombatus ursinus,jwgrfvsaxzqepyn,2022-01-03T00:14:17Z,2022-05-25T15:39:13Z,135,135
136,Lycosa godeffroyi,wshaolrpmn,2022-03-16T04:53:01Z,2021-07-13T04:07:55Z,136,136
137,Bubulcus ibis,ktrzmwlgax,2021-11-09T16:58:35Z,2022-05-22T11:04:04Z,137,137
138,Propithecus verreauxi,ksblwagpmixoefznj,2021-06-30T18:50:27Z,2022-06-07T12:09:31Z,138,138
139,Xerus sp.,hbqditcezloavmxy,2022-03-23T12:29:34Z,2022-02-11T19:01:03Z,139,139
140,Giraffe camelopardalis,vonczirepqytmaghd,2022-05-30T02:53:32Z,2022-01-23T07:22:23Z,140,140
141,Cercopithecus aethiops,eumlqopvtxawnfsr,2022-03-15T09:45:49Z,2021-11-25T01:15:45Z,141,141
142,Egretta thula,welkdrpxbosuigjqvact,2021-10-06T00:20:04Z,2022-01-14T03:35:28Z,142,142
143,Butorides striatus,mtlkwecfvszrpyiojn,2021-11-29T21:17:11Z,2021-11-20T12:09:22Z,143,143
144,Dendrocitta vagabunda,tmayzfbjsqwghxivu,2022-05-02T01:25:58Z,2021-11-21T12:41:56Z,144,144
145,Dasyurus maculatus,jqvcaiexndkohspbgfty,2021-07-05T04:44:30Z,2021-10-07T00:56:40Z,145,145
146,Echimys chrysurus,gqfszdnajwcipryxuem,2022-01-24T11:05:00Z,2022-01-31T18:28:40Z,146,146
147,Cordylus giganteus,wzqcmxufkjn,2021-09-03T15:02:34Z,2021-09-23T23:08:33Z,147,147
148,Speothos vanaticus,xcvaizpsgyhekwo,2022-06-06T02:19:13Z,2022-02-07T08:33:03Z,148,148
149,Sciurus vulgaris,athcodsegy,2021-12-15T20:46:05Z,2022-06-03T10:34:12Z,149,149
150,Lorythaixoides concolor,wkanljiytvgczf,2021-10-22T12:54:08Z,2022-01-11T04:15:55Z,150,150
151,Passer domesticus,rfnksxwompgqbev,2021-09-27T09:05:20Z,2022-06-07T22:49:43Z,151,151
152,Pseudalopex gymnocercus,hgywmpacnkzj,2021-08-07T16:18:56Z,2022-03-15T21:23:18Z,152,152
153,Speotyte cuniculata,svfiwughzatqknepdlb,2022-02-16T16:35:03Z,2022-04-24T12:26:30Z,153,153
154,Melanerpes erythrocephalus,zlgketsjvoadhxiurnw,2021-10-11T21:11:15Z,2021-07-09T17:09:47Z,154,154
155,Capreolus capreolus,xofylnmgsdrziau,2021-06-12T14:39:54Z,2021-10-31T03:05:08Z,155,155
156,Lamprotornis chalybaeus,zhguadomvxfqnji,2022-04-05T23:16:25Z,2022-05-30T15:52:10Z,156,156
157,Ovibos moschatus,ownsabpxhvurmdqel,2022-04-19T15:33:05Z,2022-03-19T18:34:26Z,157,157
158,Francolinus coqui,zdwmjuafhnicqyo,2022-03-01T15:39:51Z,2021-10-25T19:16:35Z,158,158
159,Chlamydosaurus kingii,fsbmktnliwogphcdqex,2021-09-24T07:27:28Z,2022-05-02T11:05:48Z,159,159
160,Chionis alba,maeiqtyspwk,2022-04-07T21:20:29Z,2022-01-29T02:07:38Z,160,160
161,Phascogale calura,yvgjqerftnkiocuxda,2021-08-04T18:33:17Z,2022-01-16T11:06:10Z,161,161
162,Geococcyx californianus,wnqdscybxulgejtohapk,2021-12-30T09:43:34Z,2022-04-03T05:34:49Z,162,162
163,Sula dactylatra,aezyxcfmrjoqdn,2022-02-24T10:33:01Z,2021-07-24T20:22:47Z,163,163
164,Deroptyus accipitrinus,jirecydpbgh,2022-03-01T13:10:56Z,2021-07-30T11:05:16Z,164,164
165,Ammospermophilus nelsoni,mubqgszolcean,2021-09-06T22:38:39Z,2022-05-08T03:36:32Z,165,165
166,Melophus lathami,mzrspjcbwiy,2022-02-20T05:04:08Z,2022-01-03T01:58:34Z,166,166
167,Junonia genoveua,pyoektvbzuf,2021-12-26T08:14:29Z,2022-05-10T15:08:01Z,167,167
168,Trachyphonus vaillantii,cahjnbugqiozmtlrwsp,2022-04-25T21:21:39Z,2021-11-03T06:13:32Z,168,168
169,Equus hemionus,mhbwcvksefgtu,2022-02-08T13:46:15Z,2021-09-10T06:22:49Z,169,169
170,Stercorarius longicausus,kougdqtvclrpexibmfhz,2021-10-09T20:54:05Z,2022-01-31T18:19:39Z,170,170
171,Nyctanassa violacea,bxoqrjtzknham,2022-03-13T20:18:50Z,2022-04-11T01:28:13Z,171,171
172,Eutamias minimus,fryjehoczabmvl,2022-06-11T21:30:13Z,2021-11-06T01:57:34Z,172,172
173,Bradypus tridactylus,rglwaitdkf,2021-12-09T17:10:14Z,2021-12-17T22:34:43Z,173,173
174,Cervus canadensis,cudanwilxvokeyt,2021-10-06T20:30:47Z,2021-09-12T02:34:51Z,174,174
175,Vanellus chilensis,vwoamcisbdrpfl,2021-07-04T15:30:33Z,2021-10-10T11:31:19Z,175,175
176,Gymnorhina tibicen,qxketpuaydjorl,2022-03-09T05:34:32Z,2022-04-21T11:51:06Z,176,176
177,Naja sp.,lanwuspcvgb,2022-02-26T10:58:21Z,2021-09-04T14:52:09Z,177,177
178,unavailable,tbfyvhxgokuranqmsz,2021-11-01T12:36:27Z,2021-12-03T11:02:12Z,178,178
179,Dicrostonyx groenlandicus,hieocultqvm,2021-12-16T02:55:52Z,2022-01-22T20:25:49Z,179,179
180,Panthera leo persica,tqmejirandwz,2021-11-02T08:12:35Z,2021-12-20T20:31:54Z,180,180
181,Paradoxurus hermaphroditus,pgzdncqfumkhsvo,2022-03-14T19:54:33Z,2021-10-19T02:54:09Z,181,181
182,Lepilemur rufescens,wjsdgirzkbqayc,2021-08-05T02:24:03Z,2022-04-05T15:11:37Z,182,182
183,Spermophilus armatus,fqbrjgvetu,2021-11-25T18:27:15Z,2021-10-08T13:28:55Z,183,183
184,Mellivora capensis,ftegmswxzhcopbljky,2021-11-09T02:08:50Z,2022-02-02T05:40:22Z,184,184
185,Cebus apella,asbztjlxuypqde,2021-06-27T14:55:43Z,2021-07-04T14:44:46Z,185,185
186,Zonotrichia capensis,ukzglavqwmfcejhxr,2022-02-24T12:49:36Z,2021-08-10T19:22:38Z,186,186
187,Delphinus delphis,ujvpiadtfkez,2021-11-04T05:27:40Z,2021-10-16T18:54:25Z,187,187
188,Vanellus armatus,bthmqncrpoj,2022-03-12T05:56:57Z,2021-09-19T17:58:37Z,188,188
189,Felis silvestris lybica,sjvihmtnadrkygcpoxwf,2021-12-13T17:43:52Z,2021-09-19T14:13:18Z,189,189
190,Lepus arcticus,actiqhfmnjrolxzgeu,2022-03-19T20:49:21Z,2021-07-22T07:22:55Z,190,190
191,unavailable,xsyzbrilmkghvoau,2022-02-23T02:54:14Z,2021-09-04T16:45:30Z,191,191
192,Naja haje,yozhslkvniagcwpudjm,2022-04-23T09:45:05Z,2021-08-06T14:00:01Z,192,192
193,Catharacta skua,xqslnmdwrkicpboa,2021-11-07T16:19:11Z,2022-04-22T23:20:22Z,193,193
194,Papilio canadensis,qocjautbkxwrfhgmy,2022-03-26T00:50:26Z,2021-10-12T10:56:06Z,194,194
195,Cynictis penicillata,wvtlrhncfuixjes,2021-12-14T00:00:34Z,2022-04-23T18:27:35Z,195,195
196,Hymenolaimus malacorhynchus,bmoelfpwvnkqug,2021-12-12T03:04:09Z,2021-12-21T22:02:32Z,196,196
197,Colobus guerza,umhjxaropbietvywc,2021-11-03T10:01:12Z,2022-02-04T07:19:39Z,197,197
198,Meleagris gallopavo,vjugchnwad,2021-06-18T20:47:54Z,2022-01-11T07:10:21Z,198,198
199,Plectopterus gambensis,vagjwrbzfuxc,2021-10-31T13:06:48Z,2022-04-09T01:39:44Z,199,199
200,Columba palumbus,zmuqotegscbdkhix,2021-12-09T11:29:37Z,2021-10-07T09:45:03Z,200,200
201,Columba livia,biqlfwxuknetrjphy,2022-04-18T02:21:30Z,2022-01-09T19:54:58Z,201,201
202,Struthio camelus,bxvmoekjtfhliacrsz,2021-10-02T06:20:53Z,2022-03-03T09:13:48Z,202,202
203,Canis aureus,vwteghpafoisn,2022-04-18T00:05:15Z,2021-11-20T08:09:17Z,203,203
204,Bassariscus astutus,uklrmtwdoxgsvbyi,2022-06-05T10:21:48Z,2022-01-22T21:05:06Z,204,204
205,Cracticus nigroagularis,eazcnxmltvh,2022-06-04T09:26:18Z,2021-11-12T19:22:17Z,205,205
206,Aegypius tracheliotus,isrdflgmbcykjpvqotu,2021-09-11T02:26:14Z,2021-08-16T14:35:18Z,206,206
207,Ephippiorhynchus mycteria,yizwqsldhnbjegk,2022-03-31T23:21:24Z,2022-02-15T12:20:40Z,207,207
208,Galago crassicaudataus,sntyvzumgdxqpwcjek,2022-05-23T23:30:15Z,2021-09-19T02:17:30Z,208,208
209,Xerus sp.,boxwjinymutzgav,2022-03-22T00:23:27Z,2022-05-05T04:10:23Z,209,209
210,Theropithecus gelada,kqvjguncbo,2021-11-19T12:01:19Z,2022-01-06T05:06:13Z,210,210
211,Grus rubicundus,qecaykmvhwglrsujzbtd,2021-07-22T09:16:52Z,2021-06-14T16:17:20Z,211,211
212,Xerus sp.,yplcbexzgimsjq,2021-09-16T03:37:35Z,2021-06-22T18:22:23Z,212,212
213,Eira barbata,bazvmnwcuikefjsql,2022-02-25T07:21:10Z,2021-08-11T09:25:46Z,213,213
214,Iguana iguana,lsdmxypgvaewjbruok,2021-11-21T08:17:12Z,2022-03-10T18:24:25Z,214,214
215,Mazama americana,vhujafdyoiptr,2021-06-20T19:55:32Z,2022-02-19T14:11:30Z,215,215
216,Thalasseus maximus,tncogedasmk,2021-07-20T04:46:17Z,2021-11-25T21:08:49Z,216,216
217,Ramphastos tucanus,zfpyedqochxrum,2022-01-11T08:19:54Z,2022-02-10T19:22:06Z,217,217
218,Lutra canadensis,upvgrefodlqsyt,2021-10-21T23:31:52Z,2022-01-26T18:51:40Z,218,218
219,Nucifraga columbiana,iglovefcpuwzmnbh,2022-02-16T14:40:06Z,2021-10-14T09:16:33Z,219,219
220,Ovibos moschatus,fzembvltdshrjyxuki,2021-09-15T19:14:59Z,2021-11-11T03:47:31Z,220,220
221,Isoodon obesulus,tpuqgjvmylcdfiokbez,2021-06-30T16:53:50Z,2022-03-28T02:28:41Z,221,221
222,Acrobates pygmaeus,dsnukezqxoflrh,2022-01-20T21:18:58Z,2021-08-26T07:29:20Z,222,222
223,Eumetopias jubatus,ozjmantfhcprqvdwsexl,2021-08-24T12:14:23Z,2022-03-13T07:29:23Z,223,223
224,Ploceus rubiginosus,iyrsufjacqndkmvzope,2021-08-17T16:30:17Z,2022-05-09T20:57:03Z,224,224
225,Isoodon obesulus,ydqhogkjvmzfbelcuap,2022-04-25T01:15:52Z,2022-03-06T21:44:53Z,225,225
226,Microcebus murinus,bxecifdoamnwz,2021-07-13T19:29:52Z,2021-07-09T16:25:55Z,226,226
227,Acrobates pygmaeus,qmaxgjhypslvnd,2021-07-02T13:36:24Z,2021-07-30T10:59:31Z,227,227
228,Cracticus nigroagularis,adsgetlxopybhzimfk,2022-02-14T15:56:16Z,2021-07-14T02:46:11Z,228,228
229,Bison bison,cidmjzykruwnxq,2021-07-02T22:51:35Z,2022-04-17T14:17:23Z,229,229
230,Ovis canadensis,djfbewkhruvncstiqpgz,2021-12-17T09:10:21Z,2021-09-25T11:48:39Z,230,230
231,Mungos mungo,ioklyfwpauznxdj,2021-12-24T11:47:09Z,2022-03-16T23:17:37Z,231,231
232,Anas bahamensis,renckhdpoubgqzlyv,2022-02-27T06:59:20Z,2021-08-01T20:17:25Z,232,232
233,Spermophilus lateralis,xhzadeotsr,2022-01-01T06:35:26Z,2021-11-24T05:41:07Z,233,233
234,Parus atricapillus,yijvfpqgmkozae,2022-04-07T02:56:06Z,2022-04-02T08:53:26Z,234,234
235,Gymnorhina tibicen,oqxyctzmepnfibrgdu,2021-07-22T15:52:26Z,2021-11-17T18:31:08Z,235,235
236,Sula nebouxii,nhifrsqpcbzovlywmega,2021-12-13T19:39:38Z,2022-05-15T07:32:08Z,236,236
237,Scolopax minor,fdtkrnxeojuiaw,2022-05-12T08:23:28Z,2021-10-30T04:30:14Z,237,237
238,Semnopithecus entellus,lkwpuervhqjcoxmg,2021-11-07T11:00:32Z,2021-11-06T08:39:00Z,238,238
239,Otaria flavescens,qrdenpwbkmjacsxthif,2021-12-09T11:56:54Z,2021-10-03T12:29:59Z,239,239
240,Tamiasciurus hudsonicus,nhdqtybszfe,2021-10-28T14:30:00Z,2021-11-11T03:57:16Z,240,240
241,Dicrostonyx groenlandicus,yemirqazwusgch,2022-01-08T11:23:09Z,2022-06-11T05:45:42Z,241,241
242,Ara chloroptera,rkxflpewsjtayhdn,2022-04-18T16:49:25Z,2022-01-04T14:01:41Z,242,242
243,Hymenolaimus malacorhynchus,srjbhfaizw,2021-12-28T00:17:53Z,2022-02-17T02:05:19Z,243,243
244,Gazella granti,pnfgmdizvrkcawtubhsy,2021-07-21T13:07:57Z,2021-08-22T20:13:00Z,244,244
245,Meleagris gallopavo,xvknltrwoh,2021-12-24T17:41:25Z,2022-03-01T13:35:37Z,245,245
246,Ovis canadensis,rjsahzlwmeu,2022-01-15T23:17:30Z,2021-09-20T07:44:08Z,246,246
247,Ursus americanus,hzeisyodnblrucawk,2022-05-22T20:38:50Z,2021-11-25T22:17:23Z,247,247
248,Pan troglodytes,nthulgwbxvoyp,2022-05-20T12:32:09Z,2021-08-10T17:33:00Z,248,248
249,Pavo cristatus,mzrfljtqpcisnvdah,2021-10-30T02:28:54Z,2021-09-05T08:27:52Z,249,249
250,Haliaetus vocifer,cevbzxarphmkoy,2021-07-06T07:48:38Z,2021-09-07T22:16:56Z,250,250
251,Sula dactylatra,lzbedtpwuoia,2022-03-25T16:17:43Z,2022-04-30T23:05:07Z,251,251
252,Paradoxurus hermaphroditus,xzmljnswbfievqgtc,2021-11-07T20:16:12Z,2022-04-02T10:18:53Z,252,252
253,Eumetopias jubatus,velwztbrjquksmpd,2022-02-08T01:55:03Z,2022-04-12T06:59:51Z,253,253
254,Oxybelis fulgidus,qjkvnhixdyotlc,2021-08-15T17:18:56Z,2022-03-03T12:09:08Z,254,254
255,Pelecanus conspicillatus,txeykqzsjdprawuhmf,2021-11-20T16:08:00Z,2022-01-24T16:17:00Z,255,255
256,Cebus apella,hqegimoxzvab,2021-11-28T10:20:44Z,2022-04-06T11:02:48Z,256,256
257,Ninox superciliaris,mubwykjfaqdlthxr,2021-12-13T13:06:09Z,2022-01-05T01:07:10Z,257,257
258,Bison bison,lnefvpihrdcwk,2022-05-21T07:38:01Z,2022-05-19T20:24:51Z,258,258
259,Varanus sp.,lbvetzkswdqhpgcao,2021-06-12T01:13:47Z,2021-11-12T15:18:02Z,259,259
260,Microcebus murinus,fecwpsqxzovudhby,2022-01-03T06:31:51Z,2021-10-20T10:57:41Z,260,260
261,Felis chaus,tsjxeczymvkfqld,2022-01-09T11:16:20Z,2022-04-17T07:04:32Z,261,261
262,Colaptes campestroides,ejcmgpohfvaitubk,2021-09-13T06:27:43Z,2022-02-11T21:44:28Z,262,262
263,Grus canadensis,pfqclxdywjiturav,2022-01-07T04:26:20Z,2021-08-04T14:41:44Z,263,263
264,Buteo regalis,czkhqlfeoxbipg,2022-05-25T23:32:51Z,2021-07-03T11:54:27Z,264,264
265,Dusicyon thous,rcldhoiyexf,2021-12-24T09:50:35Z,2021-11-02T15:12:01Z,265,265
266,Paraxerus cepapi,cwufsohxatmlev,2021-09-18T14:25:18Z,2022-05-23T12:14:16Z,266,266
267,Tapirus terrestris,ewsvrglidbzfp,2022-01-17T14:02:30Z,2022-02-20T18:01:47Z,267,267
268,Spheniscus magellanicus,xbcaeqkwvl,2022-03-30T11:13:38Z,2021-12-31T11:19:43Z,268,268
269,Tyto novaehollandiae,hgixwzncqbksfeorda,2022-05-04T17:12:50Z,2022-03-28T03:34:51Z,269,269
270,Megaderma spasma,kycihbwljfzdxon,2021-10-29T00:59:37Z,2022-05-19T23:01:51Z,270,270
271,Ratufa indica,kgnfwjpemavtbicdozh,2021-06-13T23:06:00Z,2022-02-09T02:54:43Z,271,271
272,Tiliqua scincoides,fldkntwzsopqra,2022-03-02T07:57:32Z,2022-04-20T23:50:36Z,272,272
273,Columba livia,exrzjgalbwstyniqhpm,2022-01-04T14:21:20Z,2022-03-04T18:16:14Z,273,273
274,Cygnus buccinator,oklqgfwbvh,2021-07-05T07:04:26Z,2022-02-17T16:21:14Z,274,274
275,Trachyphonus vaillantii,agxnohkwjmeidtyfqr,2021-12-17T10:13:09Z,2022-01-24T21:06:50Z,275,275
276,Acrantophis madagascariensis,hogbqfxjirpsuzcedmny,2021-09-12T07:23:46Z,2022-05-24T00:30:50Z,276,276
277,Manouria emys,oxutpjimnvbewrlqf,2021-12-27T05:00:05Z,2022-04-01T10:29:08Z,277,277
278,Tachyglossus aculeatus,cftuajrszeqoxkmby,2021-06-13T22:32:58Z,2022-02-13T20:32:06Z,278,278
279,Caiman crocodilus,vteildjurhgyxmk,2021-10-07T01:10:24Z,2022-01-06T00:34:56Z,279,279
280,Nesomimus trifasciatus,zaibymlschtjewgkxu,2022-02-02T15:58:07Z,2022-05-17T14:48:48Z,280,280
281,Redunca redunca,xzmsnoujilhcvtdqa,2021-07-21T05:12:41Z,2021-09-20T10:17:53Z,281,281
282,Carduelis uropygialis,cqklsihwabdg,2021-09-09T23:49:55Z,2022-01-06T01:15:20Z,282,282
283,Philetairus socius,vbrnkuwzgsdoqxieayml,2021-11-28T06:51:51Z,2022-04-20T21:34:45Z,283,283
284,Larus dominicanus,ahpnuesimbjkvzqxty,2022-06-04T19:22:44Z,2021-06-14T08:06:09Z,284,284
285,Uraeginthus angolensis,aodxrfhvgplbiuetyq,2022-04-06T06:26:38Z,2021-06-20T12:41:46Z,285,285
286,Ninox superciliaris,smpxqyhoezfj,2021-07-05T15:46:43Z,2022-03-22T18:11:09Z,286,286
287,Upupa epops,brieufmlwnjtz,2022-04-23T03:09:26Z,2021-07-07T03:29:18Z,287,287
288,Phylurus milli,yinwfgxeqdr,2022-04-08T12:11:19Z,2022-04-20T09:59:10Z,288,288
289,Chlamydosaurus kingii,tyfvxwmldkusjqpn,2021-09-08T07:34:28Z,2021-12-24T14:07:53Z,289,289
290,Francolinus coqui,ndqamwpfbl,2021-09-22T14:34:04Z,2021-08-28T17:36:49Z,290,290
291,Nyctereutes procyonoides,trqiuvnwclgdojm,2021-12-13T05:11:22Z,2021-11-08T22:15:51Z,291,291
292,Gymnorhina tibicen,khrxcofnbtyvqiuj,2022-03-29T00:41:23Z,2022-01-09T18:54:28Z,292,292
293,Alopex lagopus,jxykhczapdftmbqg,2022-02-21T18:44:41Z,2021-09-13T16:12:05Z,293,293
294,Macropus fuliginosus,hfbnymclxujerwdvoi,2021-09-01T15:13:23Z,2022-03-13T19:37:54Z,294,294
295,Eumetopias jubatus,gqdlfzerkiat,2022-05-07T07:38:49Z,2022-02-25T14:38:12Z,295,295
296,Nyctea scandiaca,ajhfgbdlstcmivy,2022-01-06T08:51:03Z,2022-05-08T04:33:39Z,296,296
297,Paradoxurus hermaphroditus,xnquafjkvwschorie,2021-09-24T12:42:59Z,2022-04-02T07:14:10Z,297,297
298,Ciconia ciconia,oitmuexawnbjgckd,2022-06-02T03:33:35Z,2021-10-14T06:58:46Z,298,298
299,Choloepus hoffmani,txmsizgbpow,2021-07-31T21:53:47Z,2021-11-26T09:10:19Z,299,299
300,Cacatua tenuirostris,ugoljzsbptxkfrqy,2021-08-05T03:11:48Z,2022-04-01T08:49:33Z,300,300
301,Sylvicapra grimma,iyzcoaftvxnb,2021-12-30T03:34:45Z,2021-08-15T02:49:48Z,301,301
302,Boa caninus,pkadsbgvmiyruwznhtq,2022-02-01T15:08:13Z,2022-02-02T16:17:25Z,302,302
303,Picoides pubescens,zplubdqvrhx,2022-05-04T11:17:38Z,2022-02-19T22:30:23Z,303,303
304,Laniarius ferrugineus,aytnmkbzqfxhlivgjw,2021-06-24T18:29:09Z,2021-09-04T18:10:34Z,304,304
305,Felis silvestris lybica,xlazgmyvuhtnrsbqdwpc,2021-06-20T12:01:39Z,2021-07-29T22:20:26Z,305,305
306,Dasypus septemcincus,dqpwergikzmhounxvlsf,2021-10-18T22:19:09Z,2021-12-12T09:50:33Z,306,306
307,Pterocles gutturalis,nmtgabsfuqc,2022-03-07T12:04:31Z,2021-12-22T06:47:30Z,307,307
308,Ceryle rudis,zdryxtebqh,2022-02-18T14:33:10Z,2022-05-21T06:29:49Z,308,308
309,Geochelone radiata,byifmtjznqaru,2022-03-15T01:45:17Z,2021-10-31T11:03:59Z,309,309
310,Balearica pavonina,cjgfwbpklhudanmqivyx,2022-02-05T08:41:37Z,2022-03-23T06:10:45Z,310,310
311,Tiliqua scincoides,vdploricjtzaefngwu,2021-06-27T02:12:41Z,2022-04-03T08:37:38Z,311,311
312,Paroaria gularis,dkfjezhoan,2022-04-09T19:03:25Z,2022-05-10T17:27:43Z,312,312
313,Dipodomys deserti,ynciorpbwvsuehjg,2022-04-10T05:07:39Z,2021-07-06T15:57:17Z,313,313
314,Cynictis penicillata,hglyuskfrwo,2021-07-09T09:26:16Z,2021-07-03T06:20:51Z,314,314
315,Acridotheres tristis,kvchnidmezwspxrugb,2021-10-29T20:54:06Z,2021-11-23T02:21:56Z,315,315
316,Phoenicopterus ruber,liqjceukvogtsrp,2021-08-04T06:08:11Z,2022-05-02T06:35:20Z,316,316
317,Lemur fulvus,udrjatbnzo,2022-01-13T14:56:21Z,2021-10-13T15:17:16Z,317,317
318,Callorhinus ursinus,rcmwpojbyqaexusglfv,2021-09-15T13:29:15Z,2021-10-10T01:06:01Z,318,318
319,Alligator mississippiensis,pbejchinvgofatyu,2022-04-03T17:31:38Z,2022-03-04T05:33:01Z,319,319
320,Canis dingo,bseinzcxltmdawyqgf,2021-08-24T03:37:40Z,2021-10-09T19:25:03Z,320,320
321,Aegypius tracheliotus,ogcqzyhmdarxtiebulp,2021-10-31T14:38:45Z,2022-03-16T22:36:03Z,321,321
322,Anhinga rufa,evlydwtxbkr,2021-07-29T21:28:52Z,2021-09-15T06:38:27Z,322,322
323,Nesomimus trifasciatus,neulgbvkztamhrpc,2022-05-25T11:10:47Z,2022-03-11T04:43:17Z,323,323
324,Corythornis cristata,plaxdfitucejsnh,2021-12-11T03:45:41Z,2022-06-05T07:06:24Z,324,324
325,Columba livia,idwzhqpjevtlgkux,2021-12-27T12:51:39Z,2022-01-02T02:49:51Z,325,325
326,Phalacrocorax niger,durvephmqjiblxnwfo,2021-12-30T08:05:38Z,2021-08-02T13:54:50Z,326,326
327,Globicephala melas,msvfchajdkirwznbut,2022-05-21T23:28:39Z,2021-11-01T10:24:23Z,327,327
328,Vulpes vulpes,awylizcdbosefp,2021-12-13T11:09:20Z,2021-08-09T00:19:13Z,328,328
329,Chauna torquata,fzsvdgamcj,2021-07-19T05:56:17Z,2022-01-11T04:39:10Z,329,329
330,Pteronura brasiliensis,cshpoigedtrlxwkjbfa,2021-09-29T19:10:18Z,2021-12-27T00:31:54Z,330,330
331,Bubalus arnee,adpbrxuykewsmtqlfhiz,2021-08-13T13:19:19Z,2022-06-09T12:57:31Z,331,331
332,Meleagris gallopavo,idgwfkoeamjucqz,2022-02-23T14:26:03Z,2022-04-18T17:05:56Z,332,332
333,Phoca vitulina,dyipqrhvgonxbflewjum,2022-06-09T16:05:00Z,2022-04-26T00:50:54Z,333,333
334,Bradypus tridactylus,ykownhmzetvjdq,2022-04-08T23:34:23Z,2021-12-28T00:04:33Z,334,334
335,Geococcyx californianus,emucwrahvlkjbsq,2022-01-07T00:39:54Z,2022-01-01T20:25:17Z,335,335
336,Snycerus caffer,pinlebqzfyahgwrcu,2021-08-11T09:01:34Z,2022-01-12T03:43:48Z,336,336
337,Neotis denhami,nsbtgomjfi,2022-06-10T19:56:18Z,2021-09-08T16:03:47Z,337,337
338,Ceryle rudis,ednljskgrtxhyb,2021-10-22T08:44:53Z,2022-05-29T07:32:29Z,338,338
339,Canis lupus baileyi,jbpdegwixvu,2022-05-09T05:22:27Z,2021-09-12T18:59:56Z,339,339
340,Trichosurus vulpecula,lsrqtiougzhyj,2022-02-14T20:01:55Z,2021-09-15T21:21:01Z,340,340
341,Porphyrio porphyrio,tzvypgkniu,2022-05-15T22:22:34Z,2022-01-21T19:06:42Z,341,341
342,Pseudocheirus peregrinus,fsznrwecdmhxta,2022-04-08T19:18:11Z,2021-07-10T15:17:39Z,342,342
343,Gymnorhina tibicen,lwfveiuxaoqgj,2022-05-03T10:45:45Z,2022-05-21T03:17:24Z,343,343
344,Upupa epops,lniorumvhqkz,2021-06-28T14:15:43Z,2021-06-28T10:05:07Z,344,344
345,Semnopithecus entellus,tyvqoxfzdm,2021-07-02T23:33:37Z,2021-09-19T14:35:07Z,345,345
346,Megaderma spasma,iadkvtyornxfbuc,2021-12-28T07:27:00Z,2021-08-07T16:31:29Z,346,346
347,Lycosa godeffroyi,tnbcxuoydvalws,2021-11-16T01:40:31Z,2022-01-21T07:22:25Z,347,347
348,Zalophus californicus,jehbpqwcrxysi,2022-05-21T17:28:16Z,2021-07-05T21:43:10Z,348,348
349,Paroaria gularis,uomwkcxbaj,2022-03-19T02:37:01Z,2021-12-31T09:33:07Z,349,349
350,Echimys chrysurus,qavhtricsfzm,2021-06-14T17:12:09Z,2021-09-02T06:15:21Z,350,350
351,Agelaius phoeniceus,cwhuylartdve,2022-03-01T21:45:30Z,2022-03-03T06:06:41Z,351,351
352,Cordylus giganteus,cwhximtnlpeoksbqzra,2021-10-10T17:26:23Z,2021-08-21T19:54:38Z,352,352
353,Haematopus ater,rtczubxogdls,2022-03-29T20:50:35Z,2021-08-15T10:35:23Z,353,353
354,Macropus rufogriseus,yqpxihkcadurv,2022-01-08T00:47:15Z,2021-09-05T02:50:32Z,354,354
355,Podargus strigoides,vdaxynhwsgir,2021-07-10T20:43:28Z,2021-12-10T22:29:30Z,355,355
356,Canis aureus,onvchabdpwmr,2022-03-17T01:29:25Z,2021-06-27T04:40:54Z,356,356
357,Fulica cristata,graylvwtsmbpqhzxd,2021-09-11T14:12:35Z,2021-10-15T12:03:29Z,357,357
358,Grus antigone,setnwoizuqgrdlykj,2022-01-10T17:10:29Z,2021-10-02T14:20:11Z,358,358
359,Snycerus caffer,iajprymwbtqvoxuczdnh,2021-08-03T20:56:11Z,2022-02-22T19:33:42Z,359,359
360,Gekko gecko,spmcouevdnzgqyxkw,2022-05-24T07:50:36Z,2021-07-30T08:24:13Z,360,360
361,Buteo galapagoensis,rfscdlitbmezgoxkq,2021-07-18T18:37:20Z,2022-05-28T02:02:04Z,361,361
362,Tiliqua scincoides,bsjczuaekypotl,2021-12-30T02:04:26Z,2021-12-03T15:46:45Z,362,362
363,Buteo jamaicensis,tnovbyhlsx,2021-09-03T12:48:46Z,2021-08-17T17:49:51Z,363,363
364,Elephas maximus bengalensis,pdusihqejatnxfmbrov,2021-09-27T05:28:15Z,2021-10-11T02:07:36Z,364,364
365,Hydrochoerus hydrochaeris,dtbcmewahpxyzg,2021-09-02T02:40:53Z,2021-08-30T12:23:18Z,365,365
366,Meleagris gallopavo,eicvpyjkadnxqg,2021-12-31T13:07:38Z,2021-12-11T14:18:16Z,366,366
367,Sterna paradisaea,kusgvxbojiz,2021-10-28T05:11:53Z,2022-01-05T15:43:41Z,367,367
368,Pan troglodytes,ehbfkjlwcn,2022-01-02T20:48:40Z,2021-06-28T06:33:19Z,368,368
369,Chordeiles minor,onbgiqhmuydzr,2021-08-08T04:34:34Z,2021-10-22T22:12:03Z,369,369
370,Rhea americana,hipmwetrszfblxgc,2022-03-11T18:09:00Z,2022-03-14T20:25:31Z,370,370
371,Cracticus nigroagularis,tgbfchuypwx,2021-08-28T23:33:23Z,2021-12-06T12:46:36Z,371,371
372,Zenaida asiatica,bruqpnsomlzckxgyij,2021-11-27T20:37:07Z,2022-03-19T23:36:27Z,372,372
373,Crax sp.,qbfndrhlvgcpwskxzium,2021-09-25T23:03:31Z,2022-05-09T22:04:54Z,373,373
374,Butorides striatus,yejfzvlcqhga,2021-10-07T00:48:59Z,2021-09-25T21:41:22Z,374,374
375,Thylogale stigmatica,gklcimzjoe,2022-05-10T14:36:20Z,2021-08-14T10:45:18Z,375,375
376,Papio cynocephalus,xvomwhqkiurdf,2021-08-25T10:57:13Z,2021-09-10T05:57:54Z,376,376
377,Francolinus leucoscepus,wqmergihznkfvblxcyj,2022-05-09T02:44:17Z,2021-11-01T10:23:30Z,377,377
378,Kobus leche robertsi,teqrbmlcin,2022-03-09T01:07:15Z,2021-12-24T16:51:19Z,378,378
379,Paraxerus cepapi,kzqrgabcxfmjuws,2021-10-19T03:12:33Z,2021-09-05T07:45:33Z,379,379
380,Varanus sp.,gaetbjipxkdnyfm,2021-08-24T07:57:14Z,2021-09-23T06:37:06Z,380,380
381,Tamiasciurus hudsonicus,dtjmacnhqrexfs,2022-01-22T21:00:42Z,2021-07-26T07:02:33Z,381,381
382,Erethizon dorsatum,oaqfgdiskucmb,2021-09-01T22:33:37Z,2021-09-17T22:45:26Z,382,382
383,Cereopsis novaehollandiae,hcngfpkoswebrqtvjial,2022-04-10T11:05:51Z,2021-11-20T22:56:30Z,383,383
384,Phalacrocorax niger,kexwrmfsaitdnjqop,2021-11-26T14:59:56Z,2022-06-08T06:48:36Z,384,384
385,Funambulus pennati,aweonkbdrsjfpl,2021-10-15T04:52:00Z,2021-09-03T23:14:46Z,385,385
386,Trichoglossus chlorolepidotus,plrhnxkyoj,2021-08-31T15:32:46Z,2022-03-14T03:34:07Z,386,386
387,Dusicyon thous,josncygiwp,2021-11-04T04:59:01Z,2021-11-03T09:54:17Z,387,387
388,Falco mexicanus,fkhyocnqegswjimabz,2022-06-07T22:20:08Z,2021-12-10T21:35:52Z,388,388
389,Diceros bicornis,bzrmscdtfuplygwx,2021-08-13T00:09:49Z,2022-05-24T23:15:25Z,389,389
390,Haliaeetus leucocephalus,oavwthzfpjuigq,2021-10-16T12:12:54Z,2021-12-26T16:22:33Z,390,390
391,Trichosurus vulpecula,fwaeshcygumnro,2021-06-12T23:26:03Z,2021-11-14T06:54:16Z,391,391
392,Nasua nasua,rsyhnpvbatewlxud,2021-09-15T10:22:47Z,2021-12-01T12:45:42Z,392,392
393,Echimys chrysurus,ibfovnerywdgh,2021-12-03T06:27:30Z,2021-10-31T07:36:56Z,393,393
394,Chelodina longicollis,souzdtgfwknmpyjxrc,2022-03-05T23:59:17Z,2022-03-03T05:13:38Z,394,394
395,Damaliscus lunatus,czmysrweiaulohkqv,2022-04-16T04:21:16Z,2021-09-09T23:28:26Z,395,395
396,Naja haje,ysoujtralfv,2022-03-02T15:44:31Z,2022-05-17T07:51:40Z,396,396
397,Tursiops truncatus,osxhkyvtbu,2022-04-10T13:58:02Z,2021-07-14T23:15:54Z,397,397
398,Plegadis falcinellus,sompwdahbnrxqlf,2022-03-08T21:15:32Z,2021-07-07T15:11:26Z,398,398
399,Cordylus giganteus,nzdsuvwlkhtiagq,2021-12-24T08:08:07Z,2022-02-11T20:08:36Z,399,399
400,Galago crassicaudataus,muhlxnwkzvqrsp,2021-07-17T03:05:43Z,2022-05-28T00:27:43Z,400,400
401,Hyaena hyaena,hirymcjkaulnogwexzts,2022-01-09T17:15:37Z,2021-12-02T07:43:16Z,401,401
402,unavailable,kcorptfyjgleudzi,2022-04-05T06:20:28Z,2022-05-01T21:10:18Z,402,402
403,Odocoileus hemionus,kniymwlrehaguftd,2021-09-25T03:09:05Z,2021-09-13T05:01:42Z,403,403
404,Eubalaena australis,gdaktqejcosr,2021-08-25T01:34:31Z,2021-10-25T03:12:04Z,404,404
405,Phoeniconaias minor,nqfkprwtmbh,2022-01-01T19:45:40Z,2022-01-02T04:10:41Z,405,405
406,Vulpes chama,kqieohfusdbaz,2021-06-24T08:05:26Z,2022-05-19T10:10:47Z,406,406
407,Eubalaena australis,wtdfzpuvrghe,2021-07-23T06:45:05Z,2021-07-01T16:46:55Z,407,407
408,Phylurus milli,tgkcevdrnpqswuhozji,2021-08-15T00:50:04Z,2021-07-24T15:25:13Z,408,408
409,Otaria flavescens,xgkczhydaosperlbqunw,2021-09-05T09:31:47Z,2022-02-13T22:12:14Z,409,409
410,Cereopsis novaehollandiae,fakegbhcisrpntvz,2022-03-19T19:33:06Z,2021-08-22T03:08:55Z,410,410
411,Leptoptilos crumeniferus,mzwsrthifogkyqcjn,2022-02-04T01:56:14Z,2021-09-16T05:17:09Z,411,411
412,Terrapene carolina,cptqbuskhmveorxjg,2021-06-23T18:33:01Z,2022-01-08T17:42:19Z,412,412
413,Nucifraga columbiana,tbwlcqzavgfij,2022-03-26T14:45:36Z,2021-11-10T21:30:38Z,413,413
414,Colaptes campestroides,rqjwcegufldtasbinkh,2021-10-11T20:40:09Z,2021-12-02T09:53:14Z,414,414
415,Canis dingo,icsnfwhzelbg,2022-06-01T08:17:50Z,2021-10-22T00:06:00Z,415,415
416,unavailable,aocypruxjt,2022-04-15T12:45:10Z,2022-03-05T16:00:01Z,416,416
417,Philetairus socius,nmflhewzugar,2021-10-18T05:53:42Z,2021-09-03T08:15:33Z,417,417
418,unavailable,ixspjmagtwkn,2021-11-04T20:41:04Z,2021-06-18T18:23:13Z,418,418
419,Choriotis kori,mzrpgajfoyudvwelbnx,2022-03-20T13:34:23Z,2021-09-27T03:24:14Z,419,419
420,Psophia viridis,lzhucvxqptn,2021-07-27T02:27:31Z,2022-04-11T05:06:34Z,420,420
421,Diomedea irrorata,qypvlruasjdczokbe,2022-04-03T22:15:46Z,2021-11-03T00:07:55Z,421,421
422,Cracticus nigroagularis,dhpjvurwbixlms,2022-06-07T11:41:41Z,2021-10-01T13:18:18Z,422,422
423,Naja nivea,mianuypvctsozh,2022-03-28T15:48:23Z,2022-04-05T14:32:50Z,423,423
424,Phylurus milli,frszbyhdmpjuag,2021-08-07T16:51:00Z,2022-01-04T13:35:37Z,424,424
425,Ninox superciliaris,ynzwgjcvtqeplor,2021-10-18T07:35:30Z,2022-02-24T21:42:02Z,425,425
426,Megaderma spasma,imtnsuxdapwvcjoyk,2021-08-04T05:07:03Z,2022-05-22T04:31:21Z,426,426
427,Sagittarius serpentarius,aikpcxgqnrszlyftoduv,2022-01-27T14:17:28Z,2021-07-01T02:46:52Z,427,427
428,Canis aureus,nlefvrjztuwoypsc,2022-01-03T03:44:55Z,2022-06-11T04:37:17Z,428,428
429,Francolinus leucoscepus,ksydaimfzevjplxwucot,2021-10-28T02:49:28Z,2022-02-04T18:51:22Z,429,429
430,Zenaida galapagoensis,hanxskerzyv,2021-11-06T01:25:57Z,2021-07-12T10:33:52Z,430,430
431,Butorides striatus,wmopcxalksunehibv,2022-05-16T11:52:17Z,2022-03-27T15:13:39Z,431,431
432,Varanus salvator,wlzstgadjovnmcxe,2022-03-29T17:10:58Z,2021-06-29T22:38:41Z,432,432
433,Macropus rufogriseus,opquywlbnshvkdcixg,2022-05-07T17:56:18Z,2021-11-21T18:41:41Z,433,433
434,Petaurus norfolcensis,zrpmygaowhkvtijl,2022-01-05T02:44:57Z,2022-04-12T17:12:58Z,434,434
435,Ardea cinerea,ndexizykomjgb,2021-10-31T09:29:27Z,2022-04-07T09:29:56Z,435,435
436,Connochaetus taurinus,hrnxsvdutbzakqwgfoi,2022-03-13T22:40:39Z,2022-03-24T03:51:11Z,436,436
437,Nannopterum harrisi,kbmehanrlp,2021-12-01T06:06:38Z,2022-02-02T05:46:28Z,437,437
438,Papio ursinus,cybzgnpeouwmafx,2021-07-01T13:47:26Z,2022-06-06T15:11:56Z,438,438
439,Sylvicapra grimma,yfkbjxnhtuiawqrvlsm,2021-07-07T16:26:35Z,2021-12-09T23:53:51Z,439,439
440,Corvus albus,tunfewcpridobs,2022-04-21T04:49:27Z,2021-08-30T02:45:55Z,440,440
441,Cervus canadensis,jamxvbkhsiyelrzqnd,2022-01-31T14:56:38Z,2022-04-03T12:55:22Z,441,441
442,Ardea golieth,iulkpzvjnsed,2022-02-25T05:19:27Z,2022-02-11T05:10:47Z,442,442
443,Larus dominicanus,fqmrkhswxzobnula,2021-07-28T22:05:15Z,2021-08-29T17:15:40Z,443,443
444,Eumetopias jubatus,pazsmcykefgxldv,2022-03-18T02:37:59Z,2021-10-10T07:02:04Z,444,444
445,Funambulus pennati,owufklaeqj,2022-05-06T23:09:11Z,2022-02-19T09:51:29Z,445,445
446,Lasiodora parahybana,rvuwcszjkynfplx,2022-03-01T07:24:24Z,2021-10-24T13:14:13Z,446,446
447,Rhea americana,xwmhbzyfltr,2022-01-10T03:11:49Z,2022-03-23T09:33:46Z,447,447
448,Bison bison,odrjgkxvuytwfeqamp,2022-03-19T18:18:01Z,2021-07-02T18:18:26Z,448,448
449,Macropus eugenii,vnylexzqiksjaupb,2022-03-12T03:46:39Z,2022-05-27T03:06:59Z,449,449
450,Priodontes maximus,nwsdlyvaekxcgi,2022-04-22T12:29:57Z,2021-07-25T16:28:47Z,450,450
451,Capra ibex,wkqpbsxolgnzjvrf,2022-01-20T10:26:37Z,2021-10-11T20:40:29Z,451,451
452,Spermophilus tridecemlineatus,mtcsfnzbgyq,2021-09-12T18:53:58Z,2021-07-26T16:07:13Z,452,452
453,Cygnus atratus,cwgixeabukdnqy,2022-04-13T21:49:28Z,2021-06-20T14:58:12Z,453,453
454,Crotalus triseriatus,wqxbtljcipnksdfz,2021-11-29T10:56:28Z,2022-01-28T03:02:06Z,454,454
455,Connochaetus taurinus,tsnazcklmuhbyqdj,2022-05-15T00:33:34Z,2022-01-05T16:13:47Z,455,455
456,Fratercula corniculata,bueoawlvjdignxhr,2021-10-28T19:14:03Z,2022-05-24T01:10:34Z,456,456
457,Pycnonotus barbatus,resaozhvpfx,2022-06-02T16:20:18Z,2021-12-07T00:38:36Z,457,457
458,Pandon haliaetus,wupkmlfabgeorqj,2021-12-23T08:46:03Z,2022-03-02T10:20:27Z,458,458
459,Cynomys ludovicianus,jxvyszdohwf,2022-05-30T00:16:10Z,2021-08-09T14:45:45Z,459,459
460,Macropus rufogriseus,dklfwguoesjtipn,2021-07-14T03:57:58Z,2022-02-02T09:03:59Z,460,460
461,Ratufa indica,nflatwdbgpuvhxq,2021-06-23T05:33:20Z,2021-06-26T20:27:48Z,461,461
462,Sterna paradisaea,gycsejnomlphwd,2021-12-26T04:26:51Z,2021-11-23T23:01:55Z,462,462
463,Creagrus furcatus,fbkoyeqntidlvughcsw,2021-08-07T01:00:14Z,2021-11-10T10:08:29Z,463,463
464,Dasyurus maculatus,cmlbtqjsuheaknxpriov,2021-07-01T13:53:10Z,2022-05-13T14:17:29Z,464,464
465,Gyps bengalensis,snvyxbmrti,2022-05-21T10:36:30Z,2021-11-11T01:41:42Z,465,465
466,Bubalornis niger,qirlzwapgvkfnjcyhed,2022-01-15T00:25:50Z,2021-12-24T05:04:00Z,466,466
467,Crotalus adamanteus,deirypnlvubwjf,2021-10-20T14:45:35Z,2022-05-07T04:24:16Z,467,467
468,Pseudalopex gymnocercus,ickwyfdhuqsmxzpat,2022-03-28T10:21:16Z,2021-07-04T18:46:34Z,468,468
469,Pavo cristatus,prlgqembjfwsi,2022-01-12T17:18:12Z,2021-11-14T01:38:03Z,469,469
470,Phalaropus lobatus,fzxhquvcplwn,2021-12-20T07:07:18Z,2021-11-21T21:45:41Z,470,470
471,Ursus maritimus,pyuvzdiofj,2021-08-12T00:43:24Z,2021-11-28T12:46:39Z,471,471
472,Taxidea taxus,csljqdrthn,2021-11-18T12:39:02Z,2021-08-17T13:58:01Z,472,472
473,Mungos mungo,vpsacredwymzgtjbn,2022-02-15T23:27:51Z,2021-09-02T19:03:24Z,473,473
474,Trachyphonus vaillantii,ruwqylhzcxkoafb,2022-05-14T21:50:52Z,2022-02-12T20:24:33Z,474,474
475,Merops nubicus,cotrszxhldbvwqiuknf,2022-02-10T04:50:34Z,2022-06-09T16:43:06Z,475,475
476,Bettongia penicillata,wiqtshnzgjlx,2022-02-26T21:24:24Z,2022-03-07T04:29:47Z,476,476
477,Bos frontalis,udzxrqohfpajtvycgb,2021-09-21T11:07:21Z,2021-09-14T11:51:32Z,477,477
478,Chlamydosaurus kingii,izeqmdrlutakphwxgs,2021-07-11T20:03:16Z,2022-02-09T03:32:36Z,478,478
479,Antechinus flavipes,aeunwofclhq,2022-01-04T09:13:04Z,2021-09-30T11:01:37Z,479,479
480,Crotalus cerastes,cpiosnwkgre,2021-10-06T05:09:31Z,2021-08-07T09:02:36Z,480,480
481,Lybius torquatus,heutzfprkc,2022-02-04T12:23:28Z,2022-02-12T16:59:13Z,481,481
482,Dicrostonyx groenlandicus,zkldnebxaov,2021-09-15T20:02:26Z,2022-05-03T18:11:14Z,482,482
483,unavailable,jstokcxpiryhf,2022-01-05T01:44:46Z,2022-04-16T12:48:25Z,483,483
484,Spizaetus coronatus,nseghtvxymraz,2022-05-31T01:29:15Z,2021-10-14T03:47:05Z,484,484
485,Isoodon obesulus,ncvjzygdhrwupxoiqtmk,2022-04-28T12:55:05Z,2022-04-15T05:36:27Z,485,485
486,Phaethon aethereus,eisdogcalm,2022-05-07T09:38:35Z,2021-12-25T01:37:34Z,486,486
487,Bradypus tridactylus,xjhgoevyrasik,2021-08-03T09:18:23Z,2021-08-18T17:39:29Z,487,487
488,Corvus albicollis,jqumgaolykwprfvdxcbz,2021-08-19T07:40:21Z,2022-02-05T08:56:22Z,488,488
489,Dendrohyrax brucel,znyiptqbvucl,2021-06-14T20:16:11Z,2021-12-20T12:12:44Z,489,489
490,Smithopsis crassicaudata,dginbmljsrpz,2022-01-01T23:48:40Z,2022-03-29T08:39:54Z,490,490
491,Bison bison,vjlqwaoxgtmdszekfn,2022-05-06T22:47:48Z,2021-09-30T02:02:15Z,491,491
492,Cordylus giganteus,esjndptzuqho,2022-05-15T01:44:47Z,2021-09-01T11:17:05Z,492,492
493,Ursus maritimus,xicrvwoedkltzjqf,2022-01-26T23:31:56Z,2021-07-29T08:46:41Z,493,493
494,Trichechus inunguis,tjsrabmycfkoqguipexl,2022-04-17T17:42:36Z,2021-07-20T04:59:59Z,494,494
495,Choloepus hoffmani,mshorkxfvytu,2022-01-11T10:25:00Z,2021-11-26T10:14:56Z,495,495
496,Tamiasciurus hudsonicus,mhxafcnuorzkdit,2021-08-12T16:02:34Z,2022-03-04T04:55:11Z,496,496
497,Hystrix indica,xyizkdpamq,2021-07-08T14:54:01Z,2021-07-10T23:21:06Z,497,497
498,Dendrocitta vagabunda,zijwgdnkthq,2022-01-06T18:03:09Z,2022-01-12T13:34:56Z,498,498
499,Oreamnos americanus,pskudcgynwtvjf,2022-04-12T23:56:33Z,2021-11-05T00:42:51Z,499,499
500,Crocuta crocuta,uavfrgpoxnwbskzc,2022-01-08T05:57:18Z,2021-06-14T07:53:17Z,500,500
501,Coluber constrictor foxii,fwglmboeckushy,2021-11-01T08:51:00Z,2022-06-02T16:13:31Z,501,501
502,Ara chloroptera,lzoespnbquamyhgivjf,2021-09-17T22:07:24Z,2021-07-09T04:49:22Z,502,502
503,Geochelone radiata,xjbifytgsl,2022-04-30T03:51:35Z,2021-09-04T09:52:55Z,503,503
504,Macropus giganteus,nkbzfimylehcwad,2021-10-20T13:29:06Z,2022-02-04T23:36:55Z,504,504
505,Bubo virginianus,zmhjpakvwncbte,2022-02-10T23:30:19Z,2022-05-19T21:56:16Z,505,505
506,Pituophis melanaleucus,xknirjhugmcefbpzdt,2021-11-19T00:51:10Z,2021-07-20T18:20:20Z,506,506
507,Terathopius ecaudatus,bgdnpxscljzqmiarktw,2021-08-05T15:18:15Z,2021-12-06T07:40:30Z,507,507
508,Madoqua kirkii,yglraxcmjobwifhzkeu,2022-01-03T22:19:17Z,2022-01-16T05:28:45Z,508,508
509,Anser anser,jynasertbmcdip,2021-12-10T23:34:18Z,2022-03-19T12:14:44Z,509,509
510,Toxostoma curvirostre,qjybcspmox,2021-11-06T08:51:45Z,2021-11-05T03:31:50Z,510,510
511,Varanus sp.,xnwhkjzcui,2021-12-28T09:54:14Z,2021-07-11T08:47:57Z,511,511
512,Laniaurius atrococcineus,yjtiuezvxsoklfqha,2022-05-26T21:41:13Z,2021-12-09T08:30:22Z,512,512
513,Vombatus ursinus,qhveoajclwp,2021-12-16T06:39:04Z,2021-11-08T20:51:55Z,513,513
514,Loris tardigratus,afmtdcohrqbewlsnp,2022-05-19T22:10:59Z,2021-12-28T14:05:47Z,514,514
515,Microcebus murinus,kicudprmvqzbtxafhn,2022-03-26T18:44:14Z,2021-07-02T02:53:42Z,515,515
516,Ardea cinerea,syfmhjbekwxrvtl,2021-10-24T02:23:25Z,2021-10-17T05:23:37Z,516,516
517,Kobus defassa,adrmpghozyfswvc,2021-08-17T20:56:58Z,2021-10-15T11:34:10Z,517,517
518,Hystrix cristata,qpdsleurmjtwia,2022-04-01T06:01:33Z,2022-05-16T05:28:16Z,518,518
519,Tyto novaehollandiae,knfcbegvwitlhypqz,2021-10-01T18:42:42Z,2021-06-20T22:30:02Z,519,519
520,Haliaeetus leucocephalus,azyrxsmqgcdvef,2022-04-01T09:42:16Z,2022-02-18T02:55:37Z,520,520
521,Cabassous sp.,wvmunsxqhydiarjtfe,2022-04-09T13:09:18Z,2021-09-13T18:11:07Z,521,521
522,Ramphastos tucanus,ueshkajcwz,2022-04-24T00:32:35Z,2021-12-03T04:55:04Z,522,522
523,Buteo galapagoensis,uiyefvpxazshwtjrmocb,2021-08-23T23:05:45Z,2022-01-02T09:32:40Z,523,523
524,Haematopus ater,vbzcqtkyfaluhrps,2022-05-28T23:23:49Z,2022-05-22T16:23:08Z,524,524
525,Certotrichas paena,wlzytaiuxmndrjfkpbeh,2022-03-12T10:48:53Z,2021-07-17T07:37:50Z,525,525
526,Bassariscus astutus,rlsqznbpwkocigutej,2021-10-12T18:35:42Z,2021-10-12T00:54:12Z,526,526
527,Ardea golieth,zalkdpqguncwjvefxri,2022-04-06T10:26:16Z,2021-08-11T00:53:01Z,527,527
528,Phoenicopterus ruber,qpehwgzyfnjilsmt,2021-12-22T14:00:11Z,2021-10-18T01:12:39Z,528,528
529,Corvus albicollis,uhevxgwroyafbizq,2022-04-18T21:04:47Z,2021-10-09T02:39:20Z,529,529
530,Cereopsis novaehollandiae,iatnksxbyjflzqd,2022-05-24T20:33:07Z,2021-09-18T22:31:31Z,530,530
531,Tapirus terrestris,qromuxlifwz,2021-08-03T02:44:44Z,2022-05-17T04:04:56Z,531,531
532,Nannopterum harrisi,rxsvgotlzipkenmcw,2021-10-16T05:40:31Z,2022-03-21T02:16:18Z,532,532
533,Naja haje,oegahplmntwkiz,2022-05-21T21:04:25Z,2022-02-17T19:25:12Z,533,533
534,Macaca mulatta,nwofvbpqjixgk,2021-06-24T16:06:43Z,2022-02-13T01:25:46Z,534,534
535,Cathartes aura,dyzmbevgjtplcokuhfsr,2021-08-08T13:27:20Z,2021-11-21T18:16:10Z,535,535
536,Phalacrocorax niger,dzqgialwxpoynfj,2021-10-09T04:34:18Z,2022-01-06T17:58:49Z,536,536
537,Sarcorhamphus papa,jiubwforycmnsehxak,2022-05-02T08:20:19Z,2021-12-19T17:01:16Z,537,537
538,Hystrix indica,hotqlukgcwiryf,2021-09-30T22:47:10Z,2022-05-19T18:49:44Z,538,538
539,Geospiza sp.,ljuhkdifatqwm,2022-02-18T20:08:55Z,2021-07-14T20:19:09Z,539,539
540,Lasiodora parahybana,hylnbprxkigcuedtof,2022-01-14T11:24:57Z,2021-09-18T00:24:41Z,540,540
541,Macropus agilis,dgzsufvqeocny,2022-05-10T16:21:18Z,2022-06-10T17:12:25Z,541,541
542,Odocoilenaus virginianus,mvqplbzwsxeruajygdi,2022-02-25T21:57:50Z,2021-11-11T11:28:23Z,542,542
543,Sceloporus magister,arumlpjwdqihksbvey,2021-11-15T19:04:49Z,2022-05-04T07:20:06Z,543,543
544,Tursiops truncatus,kdzchsngixlarwoqut,2022-05-21T20:03:00Z,2021-10-18T22:18:57Z,544,544
545,Bos taurus,kqmtjznesh,2021-12-18T13:21:40Z,2022-01-19T15:52:57Z,545,545
546,Buteo galapagoensis,wnvjmszqkt,2021-07-11T04:08:25Z,2022-04-28T21:48:32Z,546,546
547,Tayassu pecari,wvphocjtxy,2021-11-16T07:40:04Z,2021-11-16T08:10:53Z,547,547
548,Pteronura brasiliensis,hjnaeifbkmydgcqwr,2021-12-24T04:25:16Z,2021-10-30T16:37:32Z,548,548
549,Pseudalopex gymnocercus,pbchkngritejlqd,2022-05-16T20:32:25Z,2021-10-22T01:34:11Z,549,549
550,Echimys chrysurus,tiykbevmsfondqxchupl,2022-04-13T09:30:31Z,2022-03-12T10:24:37Z,550,550
551,Equus hemionus,fldroqenjxatzi,2022-04-28T17:07:47Z,2021-06-15T01:03:37Z,551,551
552,Alcelaphus buselaphus caama,vyuzcnwktojdhbfqim,2022-01-20T09:30:51Z,2022-05-08T18:09:17Z,552,552
553,Vanellus chilensis,qtxenhrpuyvjwodlc,2022-03-17T05:14:58Z,2022-05-15T15:06:32Z,553,553
554,Bubalus arnee,dvjkburxaohiq,2021-06-20T00:31:21Z,2022-01-19T09:52:55Z,554,554
555,Felis yagouaroundi,letjzoadisbvwuhcnpqg,2021-12-25T02:32:51Z,2022-04-19T21:17:33Z,555,555
556,Morelia spilotes variegata,zxyqtshlgwpnd,2021-06-15T19:47:45Z,2022-04-06T01:48:59Z,556,556
557,Capreolus capreolus,roeusdijxkh,2022-01-08T09:41:50Z,2021-11-20T23:45:13Z,557,557
558,Tetracerus quadricornis,vbositlpyrzhda,2021-06-16T15:40:17Z,2022-02-27T08:46:08Z,558,558
559,Varanus sp.,hcyvzijogrkalpnftqx,2022-05-25T19:55:35Z,2021-12-10T05:21:54Z,559,559
560,Ctenophorus ornatus,dgfxjtewlscamuzvp,2021-09-24T09:46:09Z,2022-03-23T13:54:52Z,560,560
561,Cordylus giganteus,uwcibsqepozlghyxvdjn,2021-07-14T07:04:01Z,2021-11-13T15:49:49Z,561,561
562,Felis silvestris lybica,ytcimdjxspf,2021-10-12T00:29:09Z,2021-11-19T18:19:16Z,562,562
563,Aegypius tracheliotus,huejbnsiymcarzlgp,2021-08-05T05:12:26Z,2022-01-22T22:32:17Z,563,563
564,Cacatua tenuirostris,kdvroxlsytgaenmbfj,2021-07-29T12:37:42Z,2021-06-15T21:54:14Z,564,564
565,Milvus migrans,gcpsbqrnalfzidvuoh,2022-02-23T01:53:42Z,2021-12-13T03:57:44Z,565,565
566,Dromaeus novaehollandiae,vnmobijgayqhlsurx,2022-01-20T20:09:02Z,2022-03-05T22:53:41Z,566,566
567,Connochaetus taurinus,nmesdrakcojyqvzbx,2021-08-25T21:37:37Z,2022-01-27T11:22:58Z,567,567
568,Crotalus cerastes,kzoqgrawuefhbt,2021-12-14T18:35:59Z,2021-12-20T23:31:34Z,568,568
569,Anthropoides paradisea,opjnystrcaqzhbvxkdu,2021-08-19T10:39:02Z,2022-05-11T23:18:38Z,569,569
570,Lycaon pictus,xorbawpevmznjq,2022-03-12T07:24:46Z,2021-09-30T00:42:16Z,570,570
571,Coendou prehensilis,jvgqnzuixmfrhkclpt,2022-05-12T01:26:16Z,2022-05-16T04:52:40Z,571,571
572,Leipoa ocellata,ypsmgbqajdowzxnc,2021-10-06T13:57:10Z,2022-01-02T18:47:20Z,572,572
573,Cereopsis novaehollandiae,zpjldytahqb,2021-09-18T19:06:11Z,2022-05-16T22:53:47Z,573,573
574,Capreolus capreolus,gxlafbjzhtwem,2021-12-06T11:19:45Z,2022-05-22T22:18:26Z,574,574
575,Funambulus pennati,cmsqwnualridpfgtex,2021-07-16T20:55:01Z,2022-04-01T01:06:40Z,575,575
576,Limosa haemastica,zrgkslmnia,2022-06-01T12:25:49Z,2021-06-14T23:31:49Z,576,576
577,Ovis dalli stonei,ehmlivsrfkanjpqc,2021-12-10T08:29:23Z,2022-05-26T15:23:06Z,577,577
578,Ara ararauna,mgwoflvqyth,2022-05-22T17:10:53Z,2021-11-10T10:34:42Z,578,578
579,Prionace glauca,zodtfbysvrejwlxcgna,2021-07-19T11:50:30Z,2022-03-05T01:05:01Z,579,579
580,Naja nivea,xcugpqivsj,2022-05-03T00:29:33Z,2021-10-29T14:58:40Z,580,580
581,Odocoileus hemionus,pvyczdmefkusoxj,2021-07-23T22:43:43Z,2021-12-21T09:50:19Z,581,581
582,Macaca radiata,dofmnxhcvyqejklw,2022-02-01T22:09:34Z,2022-03-09T16:54:04Z,582,582
583,Macropus rufogriseus,twbpgqhsolmy,2021-07-10T09:47:39Z,2022-02-09T17:51:21Z,583,583
584,Limosa haemastica,fdmqbecvlzgswrna,2021-10-05T13:30:33Z,2021-08-30T23:38:29Z,584,584
585,Bison bison,ogmjkisfxlby,2021-09-19T17:37:12Z,2021-12-22T20:32:15Z,585,585
586,Plegadis falcinellus,stmgcavjri,2021-07-06T02:10:33Z,2022-01-12T04:41:01Z,586,586
587,Elephas maximus bengalensis,nvtpldijyqgmcr,2022-04-20T15:29:59Z,2022-05-11T21:22:36Z,587,587
588,Panthera leo persica,cvnfgkilomtbaypeuh,2021-09-05T04:14:53Z,2022-04-23T11:58:12Z,588,588
589,Rhea americana,tvmdzghacknlfxwopu,2021-06-15T04:46:19Z,2022-05-25T10:18:41Z,589,589
590,Manouria emys,hflekwgdzsmnuqtiyjb,2021-09-10T12:44:23Z,2021-12-14T01:40:02Z,590,590
591,Bucorvus leadbeateri,jukirepyov,2022-03-14T13:14:11Z,2022-03-07T10:09:39Z,591,591
592,Zosterops pallidus,jwvxsrdktaub,2021-09-02T21:20:22Z,2021-11-22T08:07:01Z,592,592
593,Echimys chrysurus,tmjprdlbihkw,2022-05-15T14:58:44Z,2021-07-17T17:07:00Z,593,593
594,Ovibos moschatus,pkytehnzilbjxcw,2022-04-28T04:08:32Z,2021-12-13T05:12:52Z,594,594
595,Bubulcus ibis,gzafxbkswyvpltjrie,2021-09-04T14:34:22Z,2021-08-07T05:08:36Z,595,595
596,Anser anser,qrdamjgwpcuvieko,2021-09-25T12:22:28Z,2022-04-28T03:50:10Z,596,596
597,Arctogalidia trivirgata,exblagzdyksjhcnrpfvu,2021-08-29T23:53:42Z,2021-08-08T16:41:20Z,597,597
598,Larus novaehollandiae,eurpovfamzbgyjihdk,2021-09-16T20:56:10Z,2022-05-06T10:56:40Z,598,598
599,Spermophilus lateralis,wljtbszrcdy,2022-05-12T12:38:57Z,2021-07-10T14:37:23Z,599,599
600,Acridotheres tristis,uintzxacsowgdh,2021-12-12T18:52:09Z,2021-11-21T23:14:17Z,600,600
601,Canis mesomelas,brhzwpgydsciqfulo,2021-10-04T09:29:08Z,2021-12-19T05:55:40Z,601,601
602,Felis wiedi or Leopardus weidi,vamhofsgyrqltxwdnkce,2021-07-09T06:12:57Z,2022-05-05T01:32:19Z,602,602
603,Cochlearius cochlearius,vmidnaewrhbqzt,2021-08-10T14:40:43Z,2022-03-03T06:37:53Z,603,603
604,Plegadis falcinellus,omjnaigkduq,2022-05-24T13:01:44Z,2022-01-02T01:50:51Z,604,604
605,Ardea cinerea,txyiqlgzpmrhenkcbw,2022-02-09T13:34:21Z,2022-04-11T10:32:25Z,605,605
606,Tiliqua scincoides,buhsrcjtpoiqyxfzeda,2021-12-27T06:28:26Z,2021-11-03T06:45:03Z,606,606
607,Coendou prehensilis,xclbnyewpsqtfkoiz,2021-11-11T09:47:12Z,2022-06-10T02:07:01Z,607,607
608,Bubo virginianus,ygbpcoflmqxv,2021-08-05T21:46:55Z,2022-01-23T23:18:21Z,608,608
609,Crotalus cerastes,eyogxzqnlc,2022-02-16T02:25:20Z,2021-08-06T19:14:35Z,609,609
610,Deroptyus accipitrinus,belmfnkqrpvuctxwdyiz,2021-09-08T04:58:50Z,2021-08-17T20:36:46Z,610,610
611,Aegypius occipitalis,xrpomtfebqnshw,2022-01-23T20:14:09Z,2021-08-13T05:45:39Z,611,611
612,Larus fuliginosus,wqxmtavizfc,2021-07-30T22:00:17Z,2021-07-03T09:23:57Z,612,612
613,Myotis lucifugus,quonwadzhyrxsvkm,2022-02-02T23:04:26Z,2022-03-13T13:03:06Z,613,613
614,Aegypius occipitalis,ybmxewgiknhuqo,2022-01-06T17:16:50Z,2022-01-12T13:11:13Z,614,614
615,Bos taurus,jstmyigeohrkl,2021-11-08T20:43:34Z,2021-09-22T15:57:27Z,615,615
616,Geococcyx californianus,aibwlpgcdthqs,2022-04-27T07:26:46Z,2022-01-03T00:55:54Z,616,616
617,Ardea cinerea,xrnhtowdkbcjvmsgqea,2021-06-22T22:57:06Z,2022-05-01T00:10:19Z,617,617
618,Castor fiber,uyawfimheoxvbjzpn,2021-10-21T17:23:45Z,2022-06-11T10:20:48Z,618,618
619,Butorides striatus,jylgnatqxsvrhkeuf,2021-11-15T20:22:15Z,2022-05-26T12:53:21Z,619,619
620,Lama guanicoe,kgomcbjdlux,2022-06-09T14:21:47Z,2021-11-21T01:39:47Z,620,620
621,Philetairus socius,zoulcmbygtijwderfpk,2021-11-26T14:36:19Z,2022-03-26T06:28:48Z,621,621
622,Terrapene carolina,irxsekmodblqzv,2021-10-02T15:06:03Z,2021-11-29T06:47:04Z,622,622
623,Neotis denhami,qkhtrlojauzsfncipx,2021-06-25T06:19:13Z,2022-05-25T23:20:05Z,623,623
624,Panthera pardus,iqcvdbmkpolx,2021-10-28T15:38:03Z,2021-06-14T23:12:34Z,624,624
625,Macropus fuliginosus,wgdrbtpjxmfe,2022-02-24T07:01:52Z,2022-01-10T01:42:46Z,625,625
626,Cercopithecus aethiops,xzlimjkopfadnsgyvqet,2021-06-25T02:17:01Z,2021-12-15T22:16:20Z,626,626
627,Grus rubicundus,lydwoqnsehj,2021-07-11T17:17:13Z,2021-11-08T17:07:41Z,627,627
628,Charadrius tricollaris,xnfzslmrojqwdgebkhap,2021-11-19T09:13:17Z,2022-03-05T15:17:39Z,628,628
629,unavailable,yfgzaucpxwsneihmtjqo,2022-05-15T15:01:04Z,2022-02-06T13:01:43Z,629,629
630,Ciconia ciconia,xcsaknjmhvlbidytep,2021-08-29T09:48:40Z,2021-06-13T09:20:49Z,630,630
631,Trichosurus vulpecula,ghilxwyten,2022-01-19T14:54:00Z,2021-06-12T13:09:22Z,631,631
632,Ceratotherium simum,dfseqolnuvpwrxk,2022-04-15T00:38:31Z,2021-11-21T08:20:50Z,632,632
633,Ceratotherium simum,voaufwcilmntq,2021-08-22T08:05:26Z,2021-08-20T15:39:57Z,633,633
634,Canis aureus,qxkdrhugianc,2021-06-12T04:11:44Z,2021-07-15T23:24:26Z,634,634
635,Climacteris melanura,xmwoshpyjalukb,2021-09-21T22:23:06Z,2021-08-09T04:24:38Z,635,635
636,Dendrocitta vagabunda,xcatjsnuqe,2021-12-18T13:04:45Z,2022-04-25T19:43:16Z,636,636
637,Cervus duvauceli,iutlnkoqefsg,2021-07-07T19:53:13Z,2022-05-19T05:51:12Z,637,637
638,Pelecans onocratalus,prjgvwcthlm,2021-07-03T15:57:51Z,2021-12-31T12:13:23Z,638,638
639,Kobus leche robertsi,fldzbcyjkrivxwaunos,2022-03-08T08:17:29Z,2022-02-18T00:02:17Z,639,639
640,Scolopax minor,hynxqgriodwzua,2022-03-26T20:54:40Z,2022-04-21T07:26:32Z,640,640
641,Ploceus rubiginosus,vngcfywkmtqez,2022-05-05T14:47:15Z,2021-06-18T01:30:20Z,641,641
642,Otaria flavescens,meifvjwputa,2021-06-13T21:20:26Z,2022-06-10T01:57:39Z,642,642
643,Neophron percnopterus,lkdbnyiopuzxrqa,2022-05-04T21:20:25Z,2021-12-23T20:47:30Z,643,643
644,Cracticus nigroagularis,qotlervkaszucj,2022-03-22T13:07:59Z,2021-07-10T20:50:35Z,644,644
645,Eubalaena australis,pzvrwducntam,2021-11-24T00:13:54Z,2022-05-09T01:56:26Z,645,645
646,Ceratotherium simum,jncrfudxgszpoqyl,2022-04-09T05:03:26Z,2021-09-27T00:30:35Z,646,646
647,Stercorarius longicausus,usyrxowanvqepdhlgkc,2021-11-04T00:52:33Z,2022-06-04T22:58:17Z,647,647
648,Petaurus norfolcensis,jsomgrnbthkdawevy,2022-04-28T15:16:51Z,2021-09-24T11:49:21Z,648,648
649,Anitibyx armatus,tqmcfhovgjperiu,2021-10-07T13:15:31Z,2021-06-29T12:25:03Z,649,649
650,Zenaida asiatica,xicsbugvkjzqtya,2022-01-14T01:48:18Z,2021-08-14T21:56:50Z,650,650
651,Phoca vitulina,fcdernubhmwzxgq,2021-10-08T06:45:47Z,2022-04-27T18:21:33Z,651,651
652,Kobus leche robertsi,oblxfqtkvd,2021-08-20T07:54:59Z,2021-08-30T05:59:55Z,652,652
653,Cercatetus concinnus,uekvbnxhoamslpy,2022-05-02T13:30:55Z,2022-04-07T02:07:50Z,653,653
654,Haematopus ater,bkgqnfersatymojvuc,2021-12-15T13:10:51Z,2021-11-14T13:18:09Z,654,654
655,Eudyptula minor,mbtdhlrcfgsya,2021-09-08T22:11:12Z,2022-04-30T08:54:50Z,655,655
656,Litrocranius walleri,nfsegiymhoabrclwj,2021-06-26T05:00:24Z,2022-03-26T07:57:14Z,656,656
657,Phalaropus lobatus,vakzbhojgyt,2022-01-13T06:46:33Z,2021-07-03T04:17:25Z,657,657
658,Ursus arctos,zgvrtdqycabufho,2021-10-09T01:19:55Z,2021-11-15T13:50:54Z,658,658
659,Pelecans onocratalus,gkoutbacdflnrj,2022-04-15T00:30:55Z,2022-02-20T17:02:36Z,659,659
660,Stenella coeruleoalba,rljxhdmbsqkgywne,2022-02-12T06:02:18Z,2021-07-12T13:58:17Z,660,660
661,Sarcophilus harrisii,gbvxosntldyakmjw,2022-03-03T22:59:07Z,2021-10-10T01:32:28Z,661,661
662,Gekko gecko,vklmfqzeyichgudowj,2022-04-10T04:08:27Z,2021-12-16T01:51:27Z,662,662
663,Ctenophorus ornatus,obzawlhknudmxtfq,2022-03-09T22:41:18Z,2021-08-14T17:00:05Z,663,663
664,Nectarinia chalybea,zcmtropwuhbksljxaevg,2021-06-14T20:54:13Z,2021-12-06T14:52:48Z,664,664
665,Papio cynocephalus,qbpvxhzfkmc,2022-02-09T15:16:36Z,2022-01-14T08:37:22Z,665,665
666,Eolophus roseicapillus,rcwftbmnaxiuv,2021-07-23T05:51:34Z,2021-11-20T14:11:31Z,666,666
667,Ninox superciliaris,ejpgtvwoaqckr,2021-08-03T11:43:58Z,2021-06-13T15:58:24Z,667,667
668,Tadorna tadorna,fplidmkcjsgeqrybnho,2021-12-06T16:27:57Z,2022-04-08T20:07:22Z,668,668
669,Nyctea scandiaca,ewysqjbxhuknlfpvcaz,2021-07-20T01:34:19Z,2021-11-14T08:35:03Z,669,669
670,Mirounga leonina,oriqdjaghelsb,2022-05-24T17:38:50Z,2021-08-16T15:44:54Z,670,670
671,Callorhinus ursinus,wxmfcrtkjdgvbe,2021-12-07T06:45:02Z,2022-02-06T16:51:59Z,671,671
672,Tamandua tetradactyla,aqwhfgkmlpx,2022-02-23T20:17:17Z,2022-06-03T20:21:52Z,672,672
673,Geospiza sp.,zqjaxhvnwcu,2022-05-24T19:18:10Z,2021-06-20T09:08:40Z,673,673
674,Neophron percnopterus,wyodjsiqugmcen,2022-01-02T18:35:39Z,2021-12-26T03:44:05Z,674,674
675,Meles meles,yzofgipdbrqme,2022-06-09T17:01:51Z,2022-06-11T09:46:27Z,675,675
676,Lemur fulvus,axifzwbhotqpgcydun,2021-09-02T07:26:57Z,2022-05-25T17:25:04Z,676,676
677,Spizaetus coronatus,fydhbweapxjmtzico,2021-11-16T07:20:07Z,2021-08-01T02:13:53Z,677,677
678,unavailable,jlpicwhgtsbxnyvrf,2021-07-15T07:07:10Z,2021-09-24T03:23:37Z,678,678
679,Francolinus swainsonii,whgmfclepnyaqskixor,2021-12-23T06:52:31Z,2021-10-29T15:37:47Z,679,679
680,Upupa epops,dpwbrkazqgfyjom,2021-11-03T18:23:43Z,2021-06-19T06:53:24Z,680,680
681,Panthera tigris,otfmuczyehjsnlxiapw,2022-04-06T06:31:39Z,2021-08-13T22:34:35Z,681,681
682,Phalaropus fulicarius,tliysgcqapjunfkrz,2021-10-09T03:20:06Z,2021-08-09T10:22:37Z,682,682
683,Buteo jamaicensis,gjckiqsxuyepbz,2021-08-31T11:16:58Z,2021-12-18T20:35:51Z,683,683
684,Vulpes chama,xuyszbmdrfgv,2022-02-08T01:36:14Z,2021-09-09T02:26:05Z,684,684
685,Limnocorax flavirostra,qujxveslzcoibpy,2021-11-23T21:55:53Z,2022-05-20T19:21:58Z,685,685
686,Ratufa indica,kernzlcptudbqyhgja,2022-04-22T02:00:48Z,2021-12-10T13:23:21Z,686,686
687,Martes pennanti,njdvzrfqibskcwo,2022-03-11T12:08:50Z,2021-07-31T19:23:56Z,687,687
688,Pavo cristatus,tvcngyakfwqrsdl,2021-07-05T19:40:09Z,2021-07-05T13:34:09Z,688,688
689,Tiliqua scincoides,bjptuklqdnesgix,2021-07-18T16:11:28Z,2021-06-24T00:32:09Z,689,689
690,Panthera pardus,werghpfnmbjo,2021-08-04T23:01:53Z,2021-07-03T19:16:44Z,690,690
691,Tamiasciurus hudsonicus,wtqygblduekocajsnxvm,2021-09-11T22:18:45Z,2021-12-31T08:18:14Z,691,691
692,Panthera pardus,quitxpjbgl,2021-08-17T20:32:36Z,2021-08-07T17:55:10Z,692,692
693,Macropus giganteus,urjkgstlopfxzibhdmcw,2022-03-14T12:25:24Z,2022-05-02T00:31:04Z,693,693
694,Felis silvestris lybica,xgrjqlvhekcadpz,2022-05-19T13:48:00Z,2022-03-02T23:31:55Z,694,694
695,Crotalus triseriatus,lamcpihqoxvbfrnwktz,2022-03-14T15:55:55Z,2022-03-15T04:29:02Z,695,695
696,Hystrix indica,derxpythozkbji,2021-11-04T21:16:42Z,2022-03-08T08:36:15Z,696,696
697,Melophus lathami,sfolnmvbapdxwcj,2021-08-29T12:14:49Z,2021-12-03T06:18:37Z,697,697
698,Acridotheres tristis,jwcvxagzlornb,2021-08-02T07:18:55Z,2021-07-26T09:07:35Z,698,698
699,Agelaius phoeniceus,lqrsbpkioxzfht,2021-06-24T11:01:47Z,2022-03-29T12:19:20Z,699,699
700,Damaliscus dorcas,jtohdarvcbisnxmypwg,2021-11-17T11:54:56Z,2022-04-17T09:34:09Z,700,700
701,Phalaropus fulicarius,jupzatxheiqngrkl,2022-01-09T11:53:10Z,2021-12-15T21:30:25Z,701,701
702,Eumetopias jubatus,lpjrmgtxyeq,2022-06-10T19:03:58Z,2021-09-30T16:20:01Z,702,702
703,Panthera tigris,txyaudlvnsegqf,2021-09-04T14:30:33Z,2021-12-02T10:40:44Z,703,703
704,Tayassu pecari,vpeczwrnsyafmtlkq,2021-10-27T02:13:45Z,2021-08-02T13:23:58Z,704,704
705,Trichosurus vulpecula,gwkuzltjynidafvr,2022-03-12T23:40:56Z,2021-07-05T11:31:20Z,705,705
706,Lybius torquatus,eipuqvstjmgbywk,2022-05-07T09:19:38Z,2022-01-16T23:29:47Z,706,706
707,Corvus brachyrhynchos,dzftcqbijrvwoaspl,2021-08-22T17:01:35Z,2022-05-07T00:28:16Z,707,707
708,Zenaida galapagoensis,igfxwduzqb,2022-04-03T02:36:40Z,2021-08-01T14:30:59Z,708,708
709,Sarkidornis melanotos,davqtfxmbgks,2021-06-15T04:54:11Z,2021-10-29T08:16:34Z,709,709
710,Chlamydosaurus kingii,uszbxhicrqtjgvalkfy,2021-09-10T15:19:58Z,2022-04-14T10:50:30Z,710,710
711,Lepus townsendii,muyftoqkshej,2022-04-07T16:27:21Z,2022-03-12T06:34:37Z,711,711
712,Cacatua tenuirostris,wuxprbcsmzoklitq,2021-12-25T21:17:48Z,2022-05-07T10:05:52Z,712,712
713,Marmota monax,uclaopbzwhmfr,2021-12-25T10:35:49Z,2021-12-18T13:43:17Z,713,713
714,Sarkidornis melanotos,kmgjoludepvqinr,2022-04-08T13:08:18Z,2022-01-14T16:38:03Z,714,714
715,Myotis lucifugus,vuychrwpimqofk,2022-05-03T14:45:10Z,2021-07-05T10:08:47Z,715,715
716,Pseudoleistes virescens,hyjcvekogixbtmf,2021-07-22T23:19:31Z,2021-10-17T05:51:04Z,716,716
717,Sarcorhamphus papa,hscwkervndq,2021-10-28T10:19:52Z,2021-07-25T07:58:11Z,717,717
718,Gazella granti,kwpfqboezxgscirutdjm,2021-12-05T05:17:21Z,2021-09-23T00:33:44Z,718,718
719,Phaethon aethereus,kujinzwogprtx,2022-03-21T16:47:43Z,2022-02-22T15:45:29Z,719,719
720,Butorides striatus,ybgjmvhdtsizleowrqpc,2022-04-20T04:10:22Z,2021-09-24T10:39:27Z,720,720
721,Catharacta skua,cnqemksgrbtxjydzwaf,2021-11-10T14:00:12Z,2022-01-24T21:18:53Z,721,721
722,Odocoilenaus virginianus,oqpzjcutgyads,2022-04-01T04:35:09Z,2021-10-05T22:12:53Z,722,722
723,Corvus brachyrhynchos,prvecigbsak,2022-03-27T07:24:41Z,2022-01-16T18:35:52Z,723,723
724,Gazella granti,zdblaqrykpwufohget,2022-03-27T06:26:37Z,2022-05-30T21:16:13Z,724,724
725,Psittacula krameri,adgobufvzpqk,2021-07-25T17:05:32Z,2022-03-09T08:27:00Z,725,725
726,Speothos vanaticus,emcxsflnbzhyjtgdvrqu,2022-03-05T17:23:20Z,2021-11-15T18:37:38Z,726,726
727,Uraeginthus angolensis,lmuwgredfpvtxjsnyio,2021-09-08T07:10:00Z,2022-01-31T05:15:30Z,727,727
728,Eutamias minimus,cojkwxfniqbshtyvgmd,2022-01-28T17:42:22Z,2021-06-25T07:02:44Z,728,728
729,Lepilemur rufescens,lmdzipjyeshkbouvgqwa,2022-02-26T00:36:00Z,2021-10-09T05:19:32Z,729,729
730,Zalophus californicus,cbtogndrlkzhem,2022-02-11T19:30:31Z,2021-09-23T13:41:57Z,730,730
731,Varanus salvator,osxkwvdlmthu,2022-02-24T18:34:13Z,2022-04-26T22:15:19Z,731,731
732,unavailable,utmnkpwlvxzdfj,2021-11-02T06:32:44Z,2021-08-27T00:22:00Z,732,732
733,Lamprotornis superbus,qhrngovpfm,2022-03-31T19:26:32Z,2022-04-13T13:00:22Z,733,733
734,Mirounga leonina,johipvlnecrwmzaqdfyx,2022-02-21T16:58:33Z,2021-07-27T07:36:03Z,734,734
735,Cacatua tenuirostris,lotpuxfdnmkbvyarwz,2021-11-04T00:37:20Z,2022-04-26T03:48:50Z,735,735
736,Anastomus oscitans,gxmtqzwusdfj,2022-05-03T22:55:13Z,2022-05-12T20:33:25Z,736,736
737,Tayassu tajacu,imejvrckdoyzfnpatub,2021-12-01T03:46:41Z,2021-07-31T13:16:51Z,737,737
738,Upupa epops,icvgwjoaqyexsuhkmbf,2022-04-26T04:17:46Z,2021-09-15T11:48:15Z,738,738
739,Ephipplorhynchus senegalensis,crfbtnzmqxolja,2022-05-08T08:45:48Z,2021-09-04T18:10:06Z,739,739
740,Ephippiorhynchus mycteria,vezwfiumgxytcka,2022-03-22T01:24:19Z,2022-05-06T16:20:30Z,740,740
741,Ploceus intermedius,itwvxmlracnsq,2022-04-27T06:33:14Z,2022-02-09T02:08:43Z,741,741
742,Bucephala clangula,nhfbjamudwk,2021-06-14T08:45:07Z,2022-03-11T03:01:06Z,742,742
743,Numida meleagris,wbhirqosmdxajtuf,2021-09-29T13:06:53Z,2021-08-26T16:43:26Z,743,743
744,Zosterops pallidus,hravkozmngudslytepcf,2022-02-11T14:14:07Z,2021-11-19T00:44:44Z,744,744
745,Perameles nasuta,zecymvnsgquxwikoja,2021-11-20T17:17:17Z,2022-06-02T08:33:23Z,745,745
746,Delphinus delphis,xldbrvwcmpnauogz,2022-04-07T22:17:31Z,2021-09-28T13:55:22Z,746,746
747,Echimys chrysurus,bvpnmurwyqdjxk,2021-09-22T07:14:34Z,2021-06-12T15:55:13Z,747,747
748,Bubalus arnee,pkayfwhzqei,2022-02-10T16:21:45Z,2022-03-05T00:46:56Z,748,748
749,Varanus salvator,fxpzcklbdgestranjwm,2022-04-20T20:49:37Z,2021-12-01T19:53:51Z,749,749
750,Phascogale calura,wfhsdytvrmqpgecjaziu,2022-02-27T05:02:18Z,2022-02-26T08:08:18Z,750,750
751,Uraeginthus granatina,wtozvuackxhlje,2022-05-06T15:04:29Z,2021-10-02T21:47:19Z,751,751
752,Melophus lathami,otjewzmgrbxa,2021-07-23T11:43:12Z,2022-04-09T04:28:29Z,752,752
753,Felis caracal,fzvntocdhaxrquliyk,2021-10-08T19:24:04Z,2022-01-06T07:44:33Z,753,753
754,Ratufa indica,gjdeqmlkfiptacx,2021-10-21T22:35:31Z,2021-12-04T14:25:55Z,754,754
755,Butorides striatus,wchpginzyukalqtfm,2021-10-12T16:56:15Z,2021-07-15T10:22:45Z,755,755
756,Numida meleagris,zotjudlxakfnpvyhi,2021-10-29T12:01:55Z,2021-11-18T01:13:59Z,756,756
757,Megaderma spasma,wlmxaqjycvrtbu,2021-11-26T00:50:59Z,2022-02-02T09:32:45Z,757,757
758,Geochelone elegans,ksrodncivt,2022-01-16T17:22:19Z,2022-01-28T17:07:21Z,758,758
759,Canis mesomelas,yqedaczhtmlxv,2021-07-22T14:18:20Z,2022-05-31T07:07:39Z,759,759
760,Propithecus verreauxi,ylpxsbdtweuqjohgczv,2021-12-07T14:35:25Z,2022-05-26T16:27:32Z,760,760
761,Loris tardigratus,esmintplfrdxw,2022-01-28T05:54:12Z,2022-03-21T13:49:05Z,761,761
762,Lybius torquatus,uaifhjrsbtvpcgk,2022-03-28T16:44:35Z,2022-06-07T03:35:03Z,762,762
763,Hippotragus equinus,erispknayqzt,2021-06-22T23:50:30Z,2022-04-03T09:01:19Z,763,763
764,Dasyurus maculatus,suozmjxblpiyrvqncw,2022-01-07T15:10:54Z,2022-05-03T11:38:02Z,764,764
765,Toxostoma curvirostre,lqtmkfivyzu,2022-06-11T20:37:41Z,2021-07-28T15:30:20Z,765,765
766,Neophron percnopterus,qklzxwaihm,2021-09-23T12:18:02Z,2021-12-26T03:46:32Z,766,766
767,Felis silvestris lybica,heuycpowbnrxzlsdvfai,2022-03-29T04:55:02Z,2021-07-06T20:21:47Z,767,767
768,Sula nebouxii,ewouysiknbzavxmjdrfq,2022-05-31T13:09:59Z,2022-02-09T23:54:30Z,768,768
769,Spilogale gracilis,akrewgpsmhofvi,2022-03-18T12:37:47Z,2021-11-30T12:21:54Z,769,769
770,Trichechus inunguis,mavulyzwoxsrfdqpgktj,2021-11-03T01:09:29Z,2022-03-24T08:00:17Z,770,770
771,Gazella thompsonii,zcvlnpdfym,2022-04-03T03:14:28Z,2022-01-18T11:47:23Z,771,771
772,Manouria emys,sykjnimdhagzxptfcw,2021-10-01T06:45:03Z,2021-12-17T23:59:35Z,772,772
773,Carphophis sp.,mqkfnwdxigczer,2021-11-02T08:22:44Z,2021-06-29T20:00:27Z,773,773
774,Vulpes vulpes,clzifnreqaohxpywv,2021-08-30T19:14:21Z,2022-04-07T19:34:09Z,774,774
775,Cervus canadensis,praohbgiwdfc,2022-01-12T15:52:24Z,2022-01-25T00:23:50Z,775,775
776,Leprocaulinus vipera,mvustfqodexcnzyl,2022-04-01T09:02:49Z,2021-07-14T17:58:48Z,776,776
777,Haliaeetus leucoryphus,ticbdozfqehxrunsp,2022-02-24T21:07:21Z,2021-08-10T08:41:53Z,777,777
778,Ovis dalli stonei,ruayohqznebxgklmic,2021-07-16T18:31:26Z,2021-09-07T08:07:53Z,778,778
779,Phoeniconaias minor,xzvftnsumykglra,2022-02-04T07:30:28Z,2022-02-07T04:08:26Z,779,779
780,Lycosa godeffroyi,nwmcxaefgksqvztjp,2022-01-25T08:47:16Z,2022-04-03T01:58:26Z,780,780
781,Lamprotornis nitens,vtmenzjafhy,2021-11-28T06:11:57Z,2021-12-12T22:42:02Z,781,781
782,Grus antigone,etavxowrius,2022-01-04T03:46:24Z,2021-08-21T06:54:55Z,782,782
783,Spizaetus coronatus,scvwpjznrhtieqyx,2022-04-17T04:50:26Z,2021-12-19T08:23:39Z,783,783
784,Lorythaixoides concolor,culdeztyafngsk,2021-08-28T03:40:08Z,2022-03-24T15:50:56Z,784,784
785,Corvus brachyrhynchos,udmvwqpocyrfnxalkj,2022-02-08T09:50:32Z,2022-05-03T01:02:12Z,785,785
786,Laniarius ferrugineus,isvznulxaqgeoj,2021-07-20T08:21:16Z,2022-03-27T05:51:47Z,786,786
787,Myotis lucifugus,wnextibsphgzdvjlyu,2021-10-25T14:53:09Z,2022-05-21T23:36:27Z,787,787
788,Bucorvus leadbeateri,lmjuyeihgv,2021-11-14T01:00:41Z,2022-02-21T22:48:40Z,788,788
789,Canis mesomelas,bgihwrjsvapx,2022-04-01T10:41:32Z,2021-07-04T23:55:44Z,789,789
790,Varanus salvator,jsqkrzyevc,2022-06-10T04:54:19Z,2022-06-07T22:16:21Z,790,790
791,Felis wiedi or Leopardus weidi,oerydwiumfbpxcavkh,2022-04-08T23:30:02Z,2022-03-17T03:40:01Z,791,791
792,Cynictis penicillata,yhsfctbmqjuawdzlki,2021-07-19T12:11:43Z,2021-09-01T06:06:05Z,792,792
793,Spermophilus richardsonii,cxvyodltkhfbrjmezs,2022-02-26T11:59:11Z,2022-03-12T03:34:57Z,793,793
794,Colaptes campestroides,weynrszgfk,2021-10-25T18:35:42Z,2021-06-15T18:58:20Z,794,794
795,Aonyx capensis,nspwelijrvbacfdy,2021-10-01T09:12:54Z,2021-12-27T12:33:42Z,795,795
796,Uraeginthus angolensis,bfmcxisqahrvel,2021-11-09T15:31:55Z,2022-05-19T13:05:22Z,796,796
797,Ammospermophilus nelsoni,frsihxmbjztvkqcaedp,2022-02-08T20:12:12Z,2021-06-14T23:02:11Z,797,797
798,Mirounga angustirostris,gfkwxdsaljhom,2021-09-29T15:49:43Z,2021-09-02T07:54:55Z,798,798
799,Dicrostonyx groenlandicus,dyztmubesopkav,2021-12-06T01:45:24Z,2022-01-08T23:47:35Z,799,799
800,Alectura lathami,djqgvtesrpf,2022-01-03T20:25:03Z,2021-10-15T06:45:41Z,800,800
801,Bettongia penicillata,fktdqxwcymuel,2021-11-09T19:09:43Z,2022-03-21T05:00:47Z,801,801
802,Nannopterum harrisi,hodawkngziurlfjv,2022-03-29T11:46:25Z,2021-09-18T12:18:54Z,802,802
803,Naja haje,pgonrlwixd,2022-05-04T15:26:16Z,2021-09-25T17:38:48Z,803,803
804,Vulpes cinereoargenteus,vmyestpgxfza,2021-06-13T05:03:17Z,2022-01-22T01:52:25Z,804,804
805,Picoides pubescens,enbvrmlcaupiozjy,2021-11-19T00:25:48Z,2022-05-25T08:20:58Z,805,805
806,Chauna torquata,sileboqwnfyhxzjutrg,2021-06-20T21:31:22Z,2021-11-10T07:46:34Z,806,806
807,Plectopterus gambensis,vncljmouaqf,2022-06-08T17:24:18Z,2021-10-25T11:35:00Z,807,807
808,Bucorvus leadbeateri,kftygncluqxjpbmvois,2021-12-20T04:52:08Z,2022-03-09T22:02:54Z,808,808
809,Chlidonias leucopterus,eszhftacnyrkmlgjxvuo,2022-05-23T23:34:15Z,2021-12-29T21:34:40Z,809,809
810,Echimys chrysurus,tkmbcuygwjhdivpe,2021-09-18T05:08:44Z,2022-05-11T09:58:54Z,810,810
811,Picoides pubescens,jqvsxzbpfoyruekndwha,2022-03-28T09:54:33Z,2022-01-02T11:33:10Z,811,811
812,Cacatua galerita,omakxybpvufqjhzlnedw,2021-08-26T14:50:35Z,2022-03-05T18:33:18Z,812,812
813,Coendou prehensilis,fwnakhubgdcqilvtop,2022-03-15T10:33:15Z,2021-10-24T07:45:38Z,813,813
814,Phoca vitulina,ysmxbnkcpjlwguvorfq,2021-11-20T09:29:39Z,2022-05-17T08:36:14Z,814,814
815,Myiarchus tuberculifer,ibjcrnyftovdxq,2022-01-16T16:58:04Z,2021-08-11T06:17:10Z,815,815
816,Redunca redunca,biojualykdecvnt,2021-08-05T12:14:37Z,2022-02-14T18:19:02Z,816,816
817,Equus hemionus,jnmvrzxdhoktlfcwbeau,2022-02-13T02:59:10Z,2021-10-12T20:00:03Z,817,817
818,Morelia spilotes variegata,eatjnczdrsumbohxyq,2021-10-21T03:03:03Z,2022-04-19T06:25:07Z,818,818
819,Pavo cristatus,nexsriubojalyvfmgph,2022-05-12T20:30:10Z,2022-02-08T14:23:35Z,819,819
820,Fregata magnificans,wqamytubsi,2022-04-11T09:43:54Z,2022-02-18T11:12:03Z,820,820
821,Cebus apella,ajecdmnruqktoi,2021-10-11T23:47:59Z,2021-09-15T05:30:50Z,821,821
822,Larus sp.,woaqsjefkmynircdxu,2021-08-05T06:18:31Z,2021-10-24T02:04:35Z,822,822
823,Uraeginthus angolensis,ukhactjwisbxgelpmd,2021-09-10T20:42:16Z,2021-12-14T10:25:57Z,823,823
824,unavailable,fmqixpbovacru,2021-12-21T12:01:10Z,2021-08-01T06:33:18Z,824,824
825,Thalasseus maximus,baekwdqzxhgcfmnujypl,2021-06-15T11:18:47Z,2022-04-03T10:58:30Z,825,825
826,Macropus eugenii,kvcfldgwzuiao,2021-07-04T23:13:04Z,2022-02-18T20:12:39Z,826,826
827,Pan troglodytes,ajepvqrhtfibdnmouysz,2022-02-19T23:29:53Z,2022-02-19T07:14:26Z,827,827
828,Mycteria leucocephala,idhvnxeszrjtgucqf,2021-08-11T14:11:43Z,2022-02-25T20:30:58Z,828,828
829,Castor canadensis,dvtnxopahijyks,2021-08-06T03:46:20Z,2021-08-19T03:22:04Z,829,829
830,Sylvilagus floridanus,hzfkvmatjlqy,2021-10-01T06:18:03Z,2021-12-27T11:28:00Z,830,830
831,Epicrates cenchria maurus,mkgbyijnuhxvlqrscd,2021-11-17T01:54:56Z,2021-09-25T21:26:44Z,831,831
832,Semnopithecus entellus,awpoikxrfbctls,2022-05-10T16:01:07Z,2021-07-20T09:02:05Z,832,832
833,Canis aureus,zaiywqchmgjr,2022-05-24T13:39:10Z,2021-11-07T21:17:24Z,833,833
834,Phalacrocorax niger,oiwpfzekyv,2021-06-25T20:53:13Z,2021-10-12T01:21:33Z,834,834
835,Gyps bengalensis,kmzlxqvjtpwoe,2021-09-30T01:27:49Z,2021-11-22T21:31:44Z,835,835
836,Bassariscus astutus,gjynlkbtrzx,2021-09-13T16:54:23Z,2022-02-13T05:14:14Z,836,836
837,Acrantophis madagascariensis,xrozbdqwpjamunfht,2022-02-21T09:46:49Z,2022-01-07T07:52:55Z,837,837
838,Lophoaetus occipitalis,ovhumzferjydiplsa,2021-06-28T03:25:18Z,2022-04-28T09:34:59Z,838,838
839,Laniaurius atrococcineus,nlyjarztowp,2021-12-12T20:48:20Z,2022-03-26T09:57:25Z,839,839
840,Trichoglossus haematodus moluccanus,qmafiygsulobc,2021-06-12T01:18:51Z,2021-10-02T07:11:31Z,840,840
841,Castor canadensis,qblfwrphty,2022-04-20T03:59:28Z,2022-03-19T05:03:29Z,841,841
842,Spermophilus richardsonii,hzjysimetlagqbxrp,2022-01-07T00:13:04Z,2022-02-13T22:42:12Z,842,842
843,Zosterops pallidus,ksqbfaiylr,2022-04-26T03:49:50Z,2021-11-27T19:55:54Z,843,843
844,Cathartes aura,btkcfxaldrsepy,2021-09-06T10:01:32Z,2022-01-16T03:18:03Z,844,844
845,Potos flavus,joxzgbaysqe,2022-01-01T03:40:22Z,2022-01-30T22:47:23Z,845,845
846,Aegypius tracheliotus,remslycdwvahf,2021-09-07T05:00:22Z,2022-05-12T17:25:28Z,846,846
847,Calyptorhynchus magnificus,lphiyujkdosenwfqmx,2021-08-03T15:00:30Z,2021-06-12T11:22:32Z,847,847
848,Columba livia,nkzgeihuxlpcbsjfw,2021-08-31T16:46:04Z,2021-12-17T05:03:32Z,848,848
849,Canis lupus baileyi,xksobweudgmyj,2022-01-04T07:07:28Z,2022-05-07T18:36:50Z,849,849
850,Mycteria leucocephala,yghnutlfvxcpkrmqie,2022-06-03T09:33:30Z,2021-07-14T12:31:59Z,850,850
851,Macaca mulatta,qlxzuhnifvgyadrp,2022-05-20T22:33:31Z,2022-04-12T02:38:43Z,851,851
852,Felis chaus,zefrwjpxgytmlnkodh,2021-10-14T21:32:17Z,2021-11-27T22:38:11Z,852,852
853,Phoenicopterus chilensis,ixshqfutzmoecagkdw,2022-04-10T20:20:12Z,2021-09-14T10:11:38Z,853,853
854,Panthera leo persica,idngvqrwaybo,2021-09-17T15:35:17Z,2021-11-27T09:22:41Z,854,854
855,Bassariscus astutus,qgapstwjovxbefn,2021-07-07T07:44:31Z,2022-05-09T01:23:16Z,855,855
856,Platalea leucordia,esntohicbmdjgrqvfky,2021-12-15T14:48:14Z,2021-06-25T23:00:40Z,856,856
857,Paradoxurus hermaphroditus,mfncepvaybqt,2021-11-24T11:25:25Z,2021-08-01T05:40:45Z,857,857
858,Ploceus intermedius,rzmyvhepijntlcq,2021-12-21T04:31:14Z,2021-08-08T09:20:58Z,858,858
859,Tamiasciurus hudsonicus,ephaqmxblzfkonrgduwj,2021-08-13T10:47:51Z,2021-09-09T08:10:54Z,859,859
860,Platalea leucordia,nkdzcloegyj,2022-05-18T13:46:28Z,2022-01-01T01:04:41Z,860,860
861,Felis caracal,uwhocfvamnpzjkg,2021-06-27T04:26:57Z,2022-01-17T00:11:15Z,861,861
862,Varanus komodensis,juwmgpsvyctrleia,2021-09-25T19:16:11Z,2021-08-07T19:16:26Z,862,862
863,Pavo cristatus,jtbngmlspyufvdc,2022-02-19T14:19:58Z,2021-09-08T01:03:07Z,863,863
864,Bubulcus ibis,uxvwdycrkeaotzimqsbf,2022-04-23T08:11:27Z,2022-05-20T19:26:14Z,864,864
865,Cracticus nigroagularis,xujqvcdefpbyn,2021-12-17T02:43:12Z,2022-03-18T18:37:20Z,865,865
866,Pseudalopex gymnocercus,poidrmtvylnbfxgs,2021-09-22T02:52:38Z,2022-05-05T00:54:48Z,866,866
867,Gymnorhina tibicen,zjvdbmiaetywkhrnpc,2021-09-18T06:53:11Z,2021-11-28T07:56:09Z,867,867
868,Merops bullockoides,zoyxvbglndr,2021-10-13T09:13:29Z,2022-03-08T01:19:59Z,868,868
869,Anas punctata,qcaogknevzrsu,2021-12-11T19:35:24Z,2021-06-15T12:04:43Z,869,869
870,Vulpes chama,esilpomuvyhtfnkxzcrd,2021-11-12T10:02:15Z,2021-07-01T01:58:48Z,870,870
871,Microcebus murinus,knexmjidatlghwr,2022-05-02T14:49:48Z,2021-12-03T10:48:09Z,871,871
872,Felis concolor,fwhaxekylncoizrs,2021-09-17T21:10:28Z,2021-10-03T21:42:09Z,872,872
873,Vanellus chilensis,jyfubvmncar,2022-01-25T22:05:26Z,2021-07-14T18:23:01Z,873,873
874,Ovibos moschatus,cxzmaolqhudryien,2022-04-03T12:29:49Z,2022-01-20T21:56:52Z,874,874
875,Centrocercus urophasianus,pcyjxmhezugtnbroq,2021-10-06T18:53:53Z,2022-03-14T23:24:08Z,875,875
876,Bettongia penicillata,jlmwoachurvbpgniysf,2021-07-24T20:08:03Z,2022-01-31T02:42:49Z,876,876
877,Phalacrocorax varius,fimlkdptbngre,2022-03-14T08:15:47Z,2022-03-07T06:32:22Z,877,877
878,Bradypus tridactylus,ntysdeilargwfpxokm,2022-02-06T08:05:49Z,2022-02-02T02:29:07Z,878,878
879,Felis silvestris lybica,xrsjhanzkw,2022-02-26T14:11:42Z,2021-07-21T22:31:29Z,879,879
880,Axis axis,lkspixfqrbhvdmctu,2021-11-15T19:19:09Z,2021-09-03T11:13:58Z,880,880
881,Dicrurus adsimilis,ryiokdbmnuchqwsf,2022-05-07T21:06:24Z,2022-03-02T06:02:26Z,881,881
882,Cacatua galerita,ymktxrzinfjwds,2022-01-03T10:04:20Z,2022-06-07T11:46:42Z,882,882
883,Acrantophis madagascariensis,pscvdotelubnximhzfgr,2022-01-10T06:50:59Z,2021-07-22T17:16:45Z,883,883
884,Corvus brachyrhynchos,savmcbniftgey,2021-09-01T01:14:48Z,2021-12-01T12:03:06Z,884,884
885,Haematopus ater,tpwmdszyvecfrkxju,2021-12-13T12:26:00Z,2022-02-26T08:59:58Z,885,885
886,Plocepasser mahali,eyrcnqifudopxl,2021-06-28T09:40:54Z,2022-01-06T04:05:03Z,886,886
887,Damaliscus lunatus,eczqvuktlbjags,2021-09-03T19:26:08Z,2022-04-06T02:53:50Z,887,887
888,Potamochoerus porcus,uvpsognhmb,2022-03-11T11:33:18Z,2021-08-28T10:55:17Z,888,888
889,Alligator mississippiensis,qcnvdkmpzy,2021-11-16T11:58:21Z,2021-12-23T05:31:47Z,889,889
890,Irania gutteralis,kgueofaitdsmjrv,2021-11-20T20:02:10Z,2021-12-29T06:45:42Z,890,890
891,Psittacula krameri,ictwdguyqpjkxanb,2021-09-10T03:06:32Z,2021-09-29T14:47:52Z,891,891
892,Dicrurus adsimilis,obmknuhcgtpxlj,2021-07-04T00:31:35Z,2021-10-22T13:21:51Z,892,892
893,Loris tardigratus,hiznowfjdgb,2022-01-24T08:53:23Z,2021-09-06T18:11:30Z,893,893
894,Myiarchus tuberculifer,borzphqkiylgaumsv,2021-08-10T20:03:00Z,2022-04-24T19:21:26Z,894,894
895,Phaethon aethereus,jzusfnrycbqgdwaxehtl,2022-01-30T03:29:45Z,2022-04-08T10:29:38Z,895,895
896,Sagittarius serpentarius,jehlkoqvzrbps,2021-06-14T14:06:02Z,2022-01-15T11:03:22Z,896,896
897,Phascogale calura,tjfiywdvhxz,2022-05-11T09:34:19Z,2022-04-15T00:42:44Z,897,897
898,Mungos mungo,ruvjqwpehialmoyf,2022-02-14T18:19:55Z,2022-06-01T19:34:53Z,898,898
899,Dendrocitta vagabunda,qdynsctibolv,2021-09-23T08:34:10Z,2021-09-09T07:59:25Z,899,899
900,Seiurus aurocapillus,vlarfynhiwxotgc,2022-02-08T12:09:01Z,2022-04-16T06:53:20Z,900,900
901,Tachybaptus ruficollis,jxqwdfmityznbh,2022-01-07T06:12:39Z,2022-02-06T06:04:01Z,901,901
902,Alcelaphus buselaphus cokii,igmtfwaekjdoypqvnbh,2021-12-18T17:45:55Z,2021-06-27T17:32:10Z,902,902
903,Echimys chrysurus,kcmuvywtbged,2021-07-11T02:39:13Z,2022-02-10T23:01:11Z,903,903
904,Carduelis pinus,somgfwiekvcpbhqnrjyt,2021-08-30T03:04:11Z,2021-11-04T23:44:13Z,904,904
905,Ciconia ciconia,tjexwfnuiadhgcvpsbrk,2022-04-26T18:15:30Z,2021-08-31T14:17:09Z,905,905
906,Semnopithecus entellus,cyuvxbgzstj,2022-06-09T17:20:33Z,2022-04-28T20:42:12Z,906,906
907,Balearica pavonina,jtogiklpcxber,2021-10-22T03:22:05Z,2021-06-19T02:18:15Z,907,907
908,Petaurus breviceps,kibowvmzlujyhtcxnqdr,2021-12-21T05:15:10Z,2021-12-28T07:31:45Z,908,908
909,Ara ararauna,hbtuwmcnezvdrlqfs,2021-11-12T04:27:10Z,2021-08-30T16:09:10Z,909,909
910,Naja nivea,nywtokcqfaidrh,2021-12-24T02:33:45Z,2022-05-11T19:03:56Z,910,910
911,Ephippiorhynchus mycteria,nvztwychisobmkqaflr,2022-02-08T01:33:33Z,2021-06-17T03:37:22Z,911,911
912,Aepyceros mylampus,ezuovjybsgrfkctqhmld,2022-06-08T21:27:23Z,2021-11-16T02:30:05Z,912,912
913,Laniarius ferrugineus,nlofpibjra,2022-02-18T14:57:51Z,2021-10-13T17:49:26Z,913,913
914,Meles meles,ljckxvosyrahfbgteuzm,2021-07-22T19:35:30Z,2022-01-04T03:54:19Z,914,914
915,Cathartes aura,lsacpmtbhoigdzyjk,2021-08-09T22:52:33Z,2021-12-04T15:11:21Z,915,915
916,Marmota caligata,ptygrwvfbeljsouixz,2022-01-27T02:47:55Z,2022-04-15T00:26:21Z,916,916
917,Dasyurus maculatus,jidgpaehxv,2021-08-30T14:20:31Z,2021-11-15T17:31:21Z,917,917
918,Hippotragus niger,uwemqrdnst,2021-06-20T10:47:47Z,2022-02-19T19:35:18Z,918,918
919,Felis chaus,lrvhjpftqmkeound,2021-10-12T05:05:22Z,2022-05-30T03:26:34Z,919,919
920,Acinynox jubatus,mcvjglxfdsnz,2021-06-18T09:34:45Z,2021-09-17T02:10:44Z,920,920
921,Eolophus roseicapillus,hjnzubapxktqvw,2021-08-11T12:54:32Z,2022-02-01T03:55:28Z,921,921
922,Mycteria ibis,qhzacxplgtifsduvmoy,2022-05-31T06:29:56Z,2022-01-05T15:27:42Z,922,922
923,Gorilla gorilla,noctapkeydhgs,2022-02-07T09:04:33Z,2022-05-22T03:02:49Z,923,923
924,Sciurus niger,xtwlsnykojegc,2021-09-05T06:50:49Z,2022-04-19T05:41:10Z,924,924
925,Hystrix indica,eoparcgltwuf,2021-11-05T06:31:54Z,2021-10-22T22:09:26Z,925,925
926,Uraeginthus angolensis,xnmgoctqjb,2022-02-15T08:18:10Z,2021-07-02T15:41:56Z,926,926
927,Nesomimus trifasciatus,vwocbtzhnri,2021-12-18T13:18:43Z,2022-01-16T09:28:44Z,927,927
928,Chlamydosaurus kingii,nvolzgeyshduqftiakp,2022-01-13T12:08:23Z,2022-04-17T13:50:45Z,928,928
929,Mazama gouazoubira,mjztosgpwfvqa,2022-02-23T04:37:53Z,2021-11-17T08:59:26Z,929,929
930,Aquila chrysaetos,vljaqixmhkywo,2022-01-18T06:46:08Z,2022-04-11T17:57:59Z,930,930
931,Gyps fulvus,ghdltyzmjiurx,2021-10-29T17:30:09Z,2021-09-13T13:21:34Z,931,931
932,Eolophus roseicapillus,wmnaiehbzfpuodstgcj,2021-08-06T10:58:28Z,2021-07-30T10:32:34Z,932,932
933,Ninox superciliaris,bjundqfvylotrsmcpkai,2022-02-17T03:16:24Z,2022-01-25T17:47:06Z,933,933
934,Limosa haemastica,usjmcrztyqvoxkfhn,2022-04-27T21:57:13Z,2021-06-12T15:25:37Z,934,934
935,Mazama gouazoubira,pxbgokjmdrwvhl,2022-05-17T02:09:21Z,2022-04-27T23:27:12Z,935,935
936,Charadrius tricollaris,yvehfaxkno,2022-05-20T01:36:34Z,2021-09-13T22:55:36Z,936,936
937,Cynomys ludovicianus,qjesbuayokwftvnc,2021-10-01T03:50:55Z,2021-10-16T12:43:43Z,937,937
938,Alopex lagopus,mbvixrgpljazuq,2021-08-31T20:36:32Z,2021-06-24T08:22:07Z,938,938
939,Taurotagus oryx,pgliczanorvqs,2022-06-07T00:18:48Z,2022-03-09T09:51:50Z,939,939
940,Tenrec ecaudatus,eymasvidhxorkbf,2022-04-01T11:49:46Z,2022-01-04T05:16:34Z,940,940
941,Acridotheres tristis,jkscznphbdxytg,2022-03-31T07:38:38Z,2022-05-25T18:32:39Z,941,941
942,Axis axis,gmodcrxtfnb,2022-05-26T09:32:12Z,2021-09-01T03:14:12Z,942,942
943,Amazona sp.,necsurtvgpl,2022-04-08T12:55:20Z,2021-06-15T00:13:41Z,943,943
944,Psophia viridis,wehoygndakvjzbirufx,2022-05-06T09:37:46Z,2022-04-13T12:21:41Z,944,944
945,Milvus migrans,gpqmhjorftbxn,2022-03-12T01:19:40Z,2022-02-25T02:59:57Z,945,945
946,Mazama americana,phqtnyvsjoduakgxlmwr,2022-05-26T10:01:22Z,2022-05-04T17:14:02Z,946,946
947,Salvadora hexalepis,fkxtabmsqpyi,2022-02-19T12:58:57Z,2021-11-14T11:57:46Z,947,947
948,Connochaetus taurinus,vdelphziws,2022-04-16T01:52:22Z,2022-02-15T02:48:47Z,948,948
949,Neotis denhami,ojtqhrsvewaf,2022-01-13T08:45:49Z,2021-12-13T19:53:46Z,949,949
950,Agelaius phoeniceus,urmybhnotcz,2021-07-15T22:04:55Z,2022-01-23T03:02:02Z,950,950
951,Diomedea irrorata,daogxqwvicytu,2021-09-21T18:03:42Z,2021-08-04T12:08:40Z,951,951
952,Tachybaptus ruficollis,jkemndqawbs,2022-03-20T21:22:28Z,2022-05-09T12:26:55Z,952,952
953,Antilocapra americana,ajfgwlikzhsepbomr,2021-07-09T19:00:05Z,2021-07-10T05:17:37Z,953,953
954,Macropus fuliginosus,eqscmfoaidgrwyptkhl,2022-01-25T21:47:06Z,2022-03-10T08:54:32Z,954,954
955,Anser caerulescens,dfasmqlhrixkgjcoe,2021-07-07T15:23:57Z,2021-09-03T17:43:54Z,955,955
956,Pterocles gutturalis,cxebdyjlpaikovt,2022-03-06T21:38:06Z,2022-05-12T02:32:00Z,956,956
957,Pitangus sulphuratus,aphskxyrnozuigcte,2021-10-06T05:40:07Z,2021-10-26T15:57:05Z,957,957
958,Manouria emys,dnzcrymbgjothxfkpew,2022-01-11T03:18:40Z,2021-11-21T01:33:20Z,958,958
959,Mirounga leonina,zjpkecargubfwxsiv,2022-05-22T15:40:03Z,2021-12-21T23:38:56Z,959,959
960,Francolinus coqui,ebynshcwurmopzjd,2021-07-14T06:32:22Z,2022-03-20T17:13:39Z,960,960
961,Herpestes javanicus,fodgcplwravk,2021-12-10T04:29:49Z,2021-10-19T13:46:23Z,961,961
962,Axis axis,hjgemkvxdznl,2022-01-03T18:14:47Z,2022-05-25T08:02:18Z,962,962
963,Canis lupus baileyi,zpkswedavbgcfrljmx,2022-05-15T15:20:43Z,2021-10-10T05:49:21Z,963,963
964,Echimys chrysurus,tugswbozdamipxeflk,2021-09-28T20:46:40Z,2021-09-02T12:23:57Z,964,964
965,Alligator mississippiensis,trvmchfngx,2022-03-21T06:40:33Z,2021-09-13T08:17:48Z,965,965
966,Coendou prehensilis,eyduwqhtxcfliogpbsna,2022-06-01T00:37:15Z,2022-04-16T07:26:44Z,966,966
967,Melursus ursinus,wfimhorayzqkctse,2021-10-24T19:15:50Z,2021-10-19T13:18:39Z,967,967
968,Larus sp.,pmzwueqjofvtcrbh,2021-08-29T04:31:03Z,2022-05-06T19:45:27Z,968,968
969,Platalea leucordia,vzmpaeuflitjhdw,2021-12-15T16:57:10Z,2022-02-24T12:47:01Z,969,969
970,Aquila chrysaetos,mrjsedfcqbngwulk,2022-01-08T10:25:30Z,2022-05-14T19:18:57Z,970,970
971,Francolinus swainsonii,czmagkyiedhl,2021-12-27T14:07:46Z,2022-03-27T14:42:47Z,971,971
972,Sagittarius serpentarius,fscijlmnoxuk,2022-06-10T09:17:06Z,2021-09-24T00:05:41Z,972,972
973,Ursus arctos,yhcgmeukbwpislv,2022-01-03T00:01:42Z,2022-01-04T16:20:40Z,973,973
974,Spilogale gracilis,dazyknoqpbgsr,2021-08-02T19:53:08Z,2021-08-30T01:45:46Z,974,974
975,Ara macao,nualxkqjvwgryptioce,2021-11-03T16:01:10Z,2021-12-09T06:51:07Z,975,975
976,Chelodina longicollis,vjriuqaboxycwesgpd,2022-04-16T02:56:05Z,2021-09-28T05:40:07Z,976,976
977,Galago crassicaudataus,fqvogbzredlpcywa,2021-09-12T08:39:18Z,2021-08-08T04:19:30Z,977,977
978,Chelodina longicollis,xrgqwkhadsmeunfl,2021-11-05T07:45:11Z,2022-04-09T04:51:57Z,978,978
979,unavailable,wapvoegtsxyjiqc,2021-11-18T16:11:37Z,2021-09-12T02:22:52Z,979,979
980,Cercatetus concinnus,ercpuyohjtafgnx,2021-07-17T17:10:38Z,2022-06-06T17:12:11Z,980,980
981,Macropus robustus,hdmruiebjfnktapz,2021-06-23T09:20:13Z,2022-05-29T17:43:54Z,981,981
982,Tadorna tadorna,cdkvfwbglj,2022-02-26T19:08:25Z,2021-10-23T14:02:19Z,982,982
983,Pituophis melanaleucus,rbifnduyaetjcxqh,2021-11-02T03:19:44Z,2021-08-15T12:06:04Z,983,983
984,Genetta genetta,fxtesunrgbcmzjqak,2021-10-22T00:53:42Z,2022-03-22T16:26:07Z,984,984
985,Lepus arcticus,htinyrvloefj,2021-08-28T15:41:09Z,2022-02-25T10:50:17Z,985,985
986,Uraeginthus granatina,tibahgmcneyvd,2022-01-25T17:36:28Z,2021-07-25T19:03:54Z,986,986
987,Merops nubicus,vjxgfprhbanklqid,2022-02-28T06:53:28Z,2021-08-12T19:10:46Z,987,987
988,Terathopius ecaudatus,fizmjvgpexnducryo,2022-04-06T13:29:50Z,2021-12-07T19:09:13Z,988,988
989,Semnopithecus entellus,rejnbimyokhfzapcqvt,2022-03-05T09:14:58Z,2022-01-26T16:41:49Z,989,989
990,Taurotagus oryx,lydemcwiqoxubj,2022-05-18T23:27:19Z,2021-08-11T13:34:07Z,990,990
991,Castor fiber,vcdbjtewmnagrsuizopq,2022-03-02T07:28:52Z,2021-08-19T19:20:58Z,991,991
992,Phasianus colchicus,eclmaryihs,2022-04-21T11:42:58Z,2021-07-31T10:49:34Z,992,992
993,Casmerodius albus,udklgojcpthazvsix,2022-04-11T19:16:12Z,2022-04-24T05:59:49Z,993,993
994,Corvus albicollis,brygxfodzekhqtnmijwv,2021-09-15T06:36:09Z,2022-03-25T00:55:53Z,994,994
995,Francolinus leucoscepus,doxzseifyprvmhtlqg,2022-01-29T04:26:53Z,2022-02-19T06:19:24Z,995,995
996,Gazella thompsonii,lkqdjmbatwpyvsozhcnr,2021-08-21T22:16:34Z,2022-03-26T13:22:47Z,996,996
997,Ourebia ourebi,temuldcpxofwsy,2021-11-12T15:50:41Z,2021-11-14T07:05:26Z,997,997
998,Genetta genetta,lmenwdpfqz,2022-01-24T11:32:35Z,2022-05-03T12:37:41Z,998,998
999,Martes americana,mgqbazlntovxrjeuw,2021-11-04T14:37:53Z,2022-03-04T17:09:57Z,999,999
1000,Phasianus colchicus,gehrcabukxjmswqnzo,2021-10-27T06:16:07Z,2021-08-11T04:52:57Z,1000,1000
