name,start_date,end_date,created_by,updated_by,dealer_id,external_v_code,external_ds_code
Feedfish,06/09/2021,16/03/2022,1,1,408,object-oriented,tangible
Realbridge,13/11/2021,05/12/2021,2,2,1026,Innovative,full-range
Thoughtsphere,29/08/2021,17/10/2021,3,3,3308,Proactive,coherent
Eabox,29/09/2021,16/07/2021,4,4,2335,Reactive,migration
Wordware,19/01/2022,23/06/2021,5,5,4956,value-added,24 hour
Fanoodle,18/06/2021,10/06/2022,6,6,1588,adapter,Implemented
Jabbersphere,13/01/2022,05/11/2021,7,7,2920,Persistent,core
Linktype,22/07/2021,28/03/2022,8,8,2996,motivating,Multi-channelled
Camido,30/10/2021,11/09/2021,9,9,248,tertiary,Re-contextualized
Teklist,15/08/2021,27/03/2022,10,10,128,intermediate,workforce
Buzzshare,06/02/2022,12/07/2021,11,11,155,Reactive,access
Skiptube,25/12/2021,18/03/2022,12,12,3082,Synergistic,Centralized
Trunyx,15/01/2022,11/03/2022,13,13,4395,mobile,zero administration
Dabfeed,23/06/2021,20/11/2021,14,14,3801,Implemented,open architecture
Jabbercube,22/04/2022,28/07/2021,15,15,453,Quality-focused,optimal
Eire,27/09/2021,11/06/2022,16,16,1999,moratorium,productivity
Leexo,16/01/2022,29/07/2021,17,17,2328,Diverse,Seamless
Realbuzz,23/10/2021,18/06/2021,18,18,3833,instruction set,Focused
Blognation,08/05/2022,31/05/2022,19,19,203,cohesive,Self-enabling
Yakitri,14/03/2022,28/04/2022,20,20,1677,Triple-buffered,bandwidth-monitored
Kamba,27/07/2021,03/12/2021,21,21,2078,Assimilated,bottom-line
Eamia,30/06/2021,31/05/2022,22,22,3424,explicit,upward-trending
Quimba,20/10/2021,25/06/2021,23,23,2451,Persistent,interactive
Gigazoom,29/03/2022,24/08/2021,24,24,2286,Assimilated,system-worthy
Brainlounge,27/12/2021,31/10/2021,25,25,3233,leading edge,Proactive
Eimbee,31/10/2021,09/07/2021,26,26,3915,help-desk,Universal
Skinder,03/12/2021,19/11/2021,27,27,2749,circuit,Optimized
Pixoboo,25/08/2021,20/09/2021,28,28,2355,Customer-focused,optimizing
Topdrive,09/01/2022,21/10/2021,29,29,3080,open system,context-sensitive
Voonder,15/11/2021,05/05/2022,30,30,3396,Extended,Public-key
Camimbo,13/03/2022,10/10/2021,31,31,1315,Visionary,Optimized
Cogibox,05/08/2021,19/05/2022,32,32,2816,data-warehouse,extranet
Twiyo,06/03/2022,22/02/2022,33,33,112,archive,Triple-buffered
Brainsphere,20/04/2022,11/10/2021,34,34,1457,exuding,analyzer
Edgeclub,12/02/2022,07/04/2022,35,35,2585,even-keeled,Front-line
Skajo,18/03/2022,23/04/2022,36,36,2645,local,secondary
Photolist,25/10/2021,29/09/2021,37,37,2737,Quality-focused,reciprocal
Browsedrive,02/05/2022,10/07/2021,38,38,2602,tertiary,discrete
Talane,09/02/2022,15/12/2021,39,39,1997,upward-trending,utilisation
Chatterpoint,23/11/2021,08/04/2022,40,40,4719,client-driven,Synergistic
Jayo,13/03/2022,25/01/2022,41,41,37,portal,Optimized
Yotz,25/04/2022,11/10/2021,42,42,4490,secured line,application
Jatri,01/09/2021,17/10/2021,43,43,3114,Cross-group,Integrated
Meevee,27/05/2022,20/12/2021,44,44,4942,forecast,static
Realmix,14/12/2021,28/06/2021,45,45,4311,frame,foreground
Youbridge,12/07/2021,19/06/2021,46,46,1764,Reactive,directional
Demizz,29/11/2021,17/10/2021,47,47,3654,Reverse-engineered,database
Jetwire,07/04/2022,16/09/2021,48,48,3608,attitude,Enhanced
Thoughtworks,11/03/2022,14/02/2022,49,49,2882,instruction set,methodical
Katz,21/07/2021,02/06/2022,50,50,1650,parallelism,info-mediaries
Wordtune,07/10/2021,18/07/2021,51,51,2631,encoding,Upgradable
Dynabox,19/09/2021,28/04/2022,52,52,3938,Multi-tiered,infrastructure
Rhynoodle,07/05/2022,21/11/2021,53,53,917,global,orchestration
Viva,05/08/2021,31/12/2021,54,54,4003,installation,projection
Realcube,06/07/2021,17/03/2022,55,55,2171,help-desk,project
Jaxspan,04/04/2022,20/03/2022,56,56,478,incremental,moratorium
Muxo,19/03/2022,25/08/2021,57,57,4745,emulation,Multi-tiered
Mudo,23/06/2021,12/02/2022,58,58,1070,Total,tertiary
Tagcat,13/02/2022,02/08/2021,59,59,3078,data-warehouse,optimizing
Gigaclub,01/01/2022,03/10/2021,60,60,900,hub,artificial intelligence
Camido,08/05/2022,12/09/2021,61,61,2182,approach,optimal
Gigazoom,28/06/2021,02/06/2022,62,62,2726,Diverse,web-enabled
Oloo,03/09/2021,19/05/2022,63,63,1602,content-based,process improvement
Zoovu,19/04/2022,20/08/2021,64,64,331,24 hour,open architecture
Chatterpoint,10/05/2022,23/09/2021,65,65,2540,framework,Optimized
Twinder,24/04/2022,02/09/2021,66,66,105,Extended,well-modulated
Feedfire,08/05/2022,02/11/2021,67,67,3835,archive,maximized
Quimba,28/01/2022,10/06/2022,68,68,1920,extranet,Customer-focused
Skimia,04/12/2021,11/07/2021,69,69,381,Self-enabling,infrastructure
Geba,31/12/2021,11/05/2022,70,70,2404,concept,encompassing
Divanoodle,05/10/2021,01/09/2021,71,71,2984,exuding,motivating
Voonyx,21/10/2021,26/09/2021,72,72,1853,incremental,attitude-oriented
Voonder,27/03/2022,03/10/2021,73,73,1627,Upgradable,instruction set
Oyondu,24/11/2021,08/07/2021,74,74,4040,Adaptive,local area network
Gabcube,06/02/2022,12/03/2022,75,75,3100,framework,initiative
Skimia,06/10/2021,14/02/2022,76,76,3745,Inverse,model
Shufflester,27/08/2021,24/07/2021,77,77,3895,Configurable,encompassing
Yakijo,27/11/2021,01/04/2022,78,78,4244,Managed,Re-engineered
Browsedrive,12/12/2021,01/05/2022,79,79,3656,background,moratorium
Flipstorm,09/06/2022,21/01/2022,80,80,3912,hierarchy,Customizable
Blogpad,29/09/2021,14/02/2022,81,81,3838,Fully-configurable,contextually-based
Photobug,14/07/2021,11/07/2021,82,82,1756,exuding,human-resource
Kamba,19/12/2021,16/05/2022,83,83,1807,superstructure,hierarchy
Npath,30/07/2021,24/02/2022,84,84,4209,application,Automated
Ailane,16/04/2022,13/03/2022,85,85,4556,Compatible,open system
Tagopia,10/08/2021,29/01/2022,86,86,2836,conglomeration,encompassing
Quinu,29/05/2022,23/05/2022,87,87,1777,open system,product
Mymm,09/12/2021,05/03/2022,88,88,42,Open-architected,system-worthy
Chatterbridge,26/02/2022,02/02/2022,89,89,2108,full-range,solution
Skynoodle,12/12/2021,01/03/2022,90,90,357,Stand-alone,analyzer
Tagfeed,10/01/2022,11/10/2021,91,91,2776,hub,firmware
Linklinks,29/07/2021,24/04/2022,92,92,3384,incremental,frame
Myworks,27/05/2022,25/12/2021,93,93,1783,matrices,User-friendly
Youspan,10/04/2022,03/06/2022,94,94,1261,portal,Synchronised
Voonyx,07/07/2021,04/05/2022,95,95,1929,Organic,fresh-thinking
Gabcube,14/09/2021,23/02/2022,96,96,1,Networked,interactive
Quamba,10/04/2022,27/08/2021,97,97,521,Adaptive,Switchable
Leenti,18/01/2022,22/07/2021,98,98,3043,Sharable,object-oriented
Jaxbean,11/08/2021,01/09/2021,99,99,1271,secured line,didactic
Babbleopia,07/08/2021,12/01/2022,100,100,2865,Re-engineered,Managed
Flashset,20/01/2022,10/04/2022,101,101,4316,heuristic,collaboration
Voonte,24/05/2022,06/09/2021,102,102,165,frame,systematic
Feedfire,30/01/2022,29/11/2021,103,103,2098,adapter,Triple-buffered
Lazzy,14/06/2021,20/05/2022,104,104,563,Mandatory,incremental
Kwilith,12/02/2022,25/04/2022,105,105,2104,matrices,composite
Skimia,23/04/2022,07/11/2021,106,106,3655,customer loyalty,tertiary
Yakidoo,24/12/2021,03/02/2022,107,107,2366,budgetary management,zero tolerance
Chatterbridge,18/01/2022,17/03/2022,108,108,440,methodology,Innovative
Topdrive,24/11/2021,27/07/2021,109,109,4107,encryption,local
Zoomcast,18/08/2021,17/08/2021,110,110,62,asynchronous,standardization
Eadel,27/03/2022,24/12/2021,111,111,2802,Mandatory,superstructure
Centimia,07/03/2022,12/02/2022,112,112,1903,radical,Virtual
Camimbo,06/12/2021,09/01/2022,113,113,4812,Customizable,Synergized
Izio,19/01/2022,15/07/2021,114,114,3352,Optimized,Public-key
Twimm,10/02/2022,12/11/2021,115,115,4799,synergy,6th generation
Oozz,20/04/2022,12/08/2021,116,116,919,customer loyalty,concept
Kamba,22/03/2022,01/04/2022,117,117,2964,static,content-based
Oyonder,17/02/2022,07/11/2021,118,118,243,solution-oriented,attitude-oriented
Wordify,02/02/2022,30/04/2022,119,119,480,Synergistic,optimizing
Browsebug,05/07/2021,21/11/2021,120,120,1623,circuit,Visionary
Livetube,14/04/2022,19/01/2022,121,121,3681,asymmetric,Exclusive
Tavu,25/01/2022,07/04/2022,122,122,4109,modular,framework
Trudeo,01/02/2022,24/05/2022,123,123,3574,ability,migration
Oyonder,01/05/2022,16/04/2022,124,124,709,Synergized,Optional
Gabtype,08/03/2022,02/02/2022,125,125,3268,static,artificial intelligence
Quimm,22/12/2021,27/01/2022,126,126,3863,intangible,emulation
Dabshots,13/07/2021,01/08/2021,127,127,1131,contextually-based,Upgradable
Thoughtmix,22/04/2022,11/06/2022,128,128,3337,instruction set,disintermediate
Teklist,01/11/2021,14/03/2022,129,129,1141,Pre-emptive,neural-net
Avamba,02/06/2022,20/10/2021,130,130,944,6th generation,algorithm
Eabox,01/09/2021,10/09/2021,131,131,3031,encoding,Re-contextualized
Fanoodle,08/09/2021,05/01/2022,132,132,1193,success,dynamic
Babbleblab,10/11/2021,27/11/2021,133,133,2205,multimedia,Innovative
Devcast,16/06/2021,29/11/2021,134,134,968,software,solution-oriented
Flashspan,08/09/2021,08/09/2021,135,135,2665,Reverse-engineered,multi-state
Youfeed,31/12/2021,23/07/2021,136,136,2009,contextually-based,interactive
Linkbridge,02/02/2022,01/02/2022,137,137,1657,Profit-focused,neural-net
Browsecat,04/02/2022,21/06/2021,138,138,250,next generation,Realigned
Gabtype,31/05/2022,08/08/2021,139,139,2727,Enhanced,neural-net
Twitterworks,29/05/2022,06/04/2022,140,140,2582,needs-based,encoding
Kaymbo,26/09/2021,21/06/2021,141,141,2965,Synergistic,toolset
Avaveo,29/10/2021,21/11/2021,142,142,784,clear-thinking,secured line
Photofeed,14/12/2021,13/03/2022,143,143,1456,uniform,knowledge base
Jaxspan,28/04/2022,27/08/2021,144,144,1532,leading edge,multimedia
Photobug,13/01/2022,21/11/2021,145,145,658,systemic,algorithm
Podcat,21/01/2022,08/06/2022,146,146,4055,task-force,Graphic Interface
Vitz,18/09/2021,14/07/2021,147,147,2137,Organic,database
Riffwire,03/04/2022,17/04/2022,148,148,2307,knowledge user,Compatible
Talane,10/08/2021,01/10/2021,149,149,537,Cloned,flexibility
Gabtune,14/01/2022,22/12/2021,150,150,2112,Polarised,User-centric
Gigabox,04/07/2021,17/03/2022,151,151,575,middleware,Object-based
Eire,14/05/2022,19/04/2022,152,152,4013,utilisation,orchestration
Zoonoodle,08/11/2021,11/07/2021,153,153,4329,responsive,function
Jazzy,04/05/2022,13/06/2021,154,154,1873,data-warehouse,Ergonomic
Skivee,07/06/2022,04/07/2021,155,155,3896,interactive,optimizing
Voolia,28/06/2021,12/01/2022,156,156,1944,neutral,transitional
Brainlounge,09/11/2021,18/03/2022,157,157,1774,Object-based,infrastructure
Jaxnation,27/03/2022,06/11/2021,158,158,1612,didactic,matrix
Eare,05/10/2021,26/12/2021,159,159,1203,systemic,initiative
Blogspan,31/03/2022,09/11/2021,160,160,4006,Customer-focused,4th generation
Fanoodle,28/09/2021,26/07/2021,161,161,2807,Team-oriented,incremental
Yacero,02/05/2022,20/06/2021,162,162,971,Self-enabling,model
Skipstorm,30/09/2021,02/03/2022,163,163,281,multimedia,definition
Realcube,04/04/2022,18/12/2021,164,164,1142,secured line,artificial intelligence
Shufflester,28/09/2021,10/08/2021,165,165,3685,framework,next generation
Eimbee,17/10/2021,01/04/2022,166,166,542,Profit-focused,neural-net
Gabcube,24/01/2022,28/12/2021,167,167,1073,Progressive,challenge
Wordware,20/10/2021,25/06/2021,168,168,2806,context-sensitive,circuit
Gabtune,08/03/2022,22/07/2021,169,169,3437,asymmetric,circuit
Browsezoom,09/04/2022,27/09/2021,170,170,3518,logistical,radical
Divavu,04/12/2021,21/09/2021,171,171,4404,Realigned,Profound
JumpXS,20/11/2021,02/04/2022,172,172,169,intranet,Synergistic
Zazio,26/03/2022,05/02/2022,173,173,3599,Re-contextualized,Graphic Interface
LiveZ,24/03/2022,04/03/2022,174,174,3922,national,function
Devify,25/06/2021,18/05/2022,175,175,1828,clear-thinking,orchestration
Yombu,08/01/2022,27/01/2022,176,176,2790,needs-based,application
Jaloo,07/06/2022,06/02/2022,177,177,853,Monitored,homogeneous
Gigashots,02/10/2021,04/12/2021,178,178,2687,ability,secured line
Oyonder,27/06/2021,08/04/2022,179,179,2153,incremental,utilisation
Roodel,11/09/2021,18/08/2021,180,180,2683,responsive,initiative
Skyba,06/12/2021,07/11/2021,181,181,75,solution-oriented,frame
Riffpedia,21/04/2022,10/06/2022,182,182,1788,directional,paradigm
Trupe,19/11/2021,30/08/2021,183,183,2179,Future-proofed,eco-centric
Cogilith,23/07/2021,02/01/2022,184,184,3303,Decentralized,responsive
Lazzy,20/08/2021,12/01/2022,185,185,1729,Adaptive,system-worthy
Npath,24/11/2021,21/12/2021,186,186,114,Business-focused,service-desk
Browsecat,04/10/2021,01/12/2021,187,187,3905,local area network,Multi-lateral
Viva,13/08/2021,10/08/2021,188,188,1015,Compatible,Fully-configurable
Flashpoint,25/04/2022,01/04/2022,189,189,2779,structure,matrices
Twinder,17/02/2022,17/08/2021,190,190,4229,benchmark,heuristic
Thoughtstorm,10/04/2022,03/08/2021,191,191,1812,dedicated,emulation
Realblab,29/09/2021,06/06/2022,192,192,3800,Cross-group,superstructure
Topiczoom,01/05/2022,07/10/2021,193,193,3358,stable,product
Vipe,15/11/2021,19/04/2022,194,194,2095,Reverse-engineered,content-based
Aimbu,18/06/2021,19/05/2022,195,195,4492,Self-enabling,Enhanced
Browsecat,09/08/2021,07/11/2021,196,196,1489,didactic,Self-enabling
Dabfeed,18/03/2022,19/05/2022,197,197,4380,content-based,Balanced
Zoombeat,28/07/2021,06/12/2021,198,198,1943,Configurable,toolset
Brainsphere,01/11/2021,03/09/2021,199,199,4657,toolset,coherent
Jatri,11/01/2022,02/07/2021,200,200,503,Synergized,Stand-alone
Aibox,08/08/2021,07/07/2021,201,201,1506,matrix,fresh-thinking
Demizz,09/05/2022,28/04/2022,202,202,4105,paradigm,contingency
Fivespan,29/08/2021,26/09/2021,203,203,3459,asymmetric,product
Edgetag,13/10/2021,18/12/2021,204,204,1556,concept,Expanded
Eazzy,06/09/2021,16/01/2022,205,205,920,Fundamental,Ergonomic
Jayo,09/01/2022,21/03/2022,206,206,4577,Down-sized,full-range
Dynava,24/07/2021,18/05/2022,207,207,4588,actuating,fault-tolerant
Linkbuzz,24/06/2021,15/01/2022,208,208,2447,installation,heuristic
Skiptube,08/04/2022,20/04/2022,209,209,3957,hybrid,standardization
Mynte,08/04/2022,21/01/2022,210,210,55,Profound,Intuitive
Trilith,25/10/2021,25/03/2022,211,211,4884,interface,Function-based
Lazzy,20/10/2021,02/03/2022,212,212,2950,Vision-oriented,Robust
Skidoo,19/10/2021,05/04/2022,213,213,2311,Total,application
Kayveo,22/02/2022,16/01/2022,214,214,4808,Future-proofed,exuding
Skivee,26/11/2021,24/12/2021,215,215,439,Upgradable,database
Gabcube,16/09/2021,09/07/2021,216,216,4584,didactic,matrix
Skyndu,20/11/2021,21/07/2021,217,217,1155,core,customer loyalty
Dabtype,06/04/2022,28/10/2021,218,218,607,website,Intuitive
Fivebridge,10/11/2021,23/10/2021,219,219,1147,superstructure,Fully-configurable
Kamba,19/07/2021,07/04/2022,220,220,273,stable,system engine
Photobug,03/11/2021,29/04/2022,221,221,3156,User-friendly,optimizing
Gabcube,15/01/2022,28/01/2022,222,222,3087,matrices,zero defect
Wikizz,12/06/2021,23/10/2021,223,223,4254,scalable,Business-focused
Skidoo,21/06/2021,26/03/2022,224,224,2930,Robust,Phased
Wikido,14/08/2021,23/09/2021,225,225,1616,asynchronous,Multi-lateral
Nlounge,10/06/2022,25/04/2022,226,226,136,Organic,systematic
Youbridge,18/06/2021,09/05/2022,227,227,3086,responsive,process improvement
Gabtune,03/02/2022,20/12/2021,228,228,828,Function-based,maximized
Yata,12/03/2022,11/02/2022,229,229,149,client-driven,systemic
Blogpad,15/12/2021,02/07/2021,230,230,3214,policy,instruction set
Yodel,28/09/2021,06/06/2022,231,231,776,service-desk,object-oriented
Pixope,18/06/2021,25/07/2021,232,232,698,bi-directional,Optional
Npath,22/07/2021,29/12/2021,233,233,2254,emulation,Self-enabling
Snaptags,17/03/2022,02/09/2021,234,234,3464,Programmable,Multi-tiered
Skinix,19/05/2022,28/07/2021,235,235,953,capacity,6th generation
Avamm,04/05/2022,20/05/2022,236,236,2826,User-friendly,productivity
Voomm,07/07/2021,26/03/2022,237,237,4269,Customizable,project
Blogspan,04/12/2021,28/11/2021,238,238,4115,scalable,system engine
Youspan,16/09/2021,31/10/2021,239,239,4312,initiative,Digitized
Wikido,08/01/2022,12/04/2022,240,240,4855,3rd generation,Optimized
Browsecat,20/04/2022,23/02/2022,241,241,1799,full-range,Reverse-engineered
Twitterbeat,13/05/2022,22/11/2021,242,242,4635,next generation,zero defect
Photolist,26/09/2021,05/04/2022,243,243,82,neutral,paradigm
Cogilith,19/03/2022,20/12/2021,244,244,4177,functionalities,Fully-configurable
Kwinu,26/03/2022,11/05/2022,245,245,2134,Right-sized,full-range
Tazzy,08/05/2022,03/07/2021,246,246,605,Customer-focused,Robust
Twinder,25/08/2021,24/02/2022,247,247,4289,tertiary,capacity
Skibox,16/12/2021,05/05/2022,248,248,3983,logistical,application
Kaymbo,05/01/2022,03/10/2021,249,249,1060,migration,utilisation
Rooxo,03/05/2022,14/12/2021,250,250,4301,capability,zero defect
Oyope,12/09/2021,21/03/2022,251,251,4637,client-driven,responsive
Gabcube,06/11/2021,11/10/2021,252,252,2016,optimizing,project
Kwimbee,30/05/2022,22/03/2022,253,253,4740,benchmark,contingency
Youopia,20/09/2021,04/11/2021,254,254,2840,Switchable,cohesive
Skiptube,14/09/2021,05/05/2022,255,255,3490,Cross-group,Front-line
Thoughtstorm,15/11/2021,20/01/2022,256,256,4950,orchestration,fault-tolerant
Thoughtbridge,22/08/2021,12/10/2021,257,257,3020,hybrid,Right-sized
Demimbu,02/10/2021,13/06/2021,258,258,740,orchestration,bandwidth-monitored
Dabvine,25/07/2021,14/10/2021,259,259,2491,policy,Seamless
Vipe,19/01/2022,25/03/2022,260,260,3334,mobile,forecast
Chatterbridge,14/10/2021,01/04/2022,261,261,2036,Future-proofed,collaboration
Twimbo,16/07/2021,25/02/2022,262,262,3141,holistic,Networked
Trudeo,09/06/2022,02/02/2022,263,263,1399,data-warehouse,mission-critical
Demivee,25/10/2021,03/05/2022,264,264,3683,Organic,zero administration
Jetpulse,26/11/2021,08/03/2022,265,265,326,alliance,core
Riffpath,15/12/2021,10/04/2022,266,266,2963,complexity,bottom-line
Flashdog,23/03/2022,11/02/2022,267,267,2723,leading edge,systematic
Flipbug,25/07/2021,01/12/2021,268,268,726,User-friendly,Object-based
Flashpoint,06/03/2022,21/11/2021,269,269,827,synergy,mobile
Feedfire,02/11/2021,02/02/2022,270,270,3370,De-engineered,Cross-group
Devpulse,11/08/2021,25/08/2021,271,271,4715,Distributed,homogeneous
Meembee,01/11/2021,28/10/2021,272,272,3069,implementation,Open-architected
Eimbee,26/11/2021,01/03/2022,273,273,4730,5th generation,success
Divanoodle,06/04/2022,15/12/2021,274,274,1057,non-volatile,Team-oriented
Bubbletube,02/06/2022,13/06/2021,275,275,4847,motivating,maximized
Shufflester,03/03/2022,14/02/2022,276,276,1025,Mandatory,heuristic
Ntags,11/10/2021,12/02/2022,277,277,2101,Enterprise-wide,static
LiveZ,14/11/2021,05/01/2022,278,278,2671,impactful,time-frame
Realpoint,18/01/2022,01/08/2021,279,279,2555,neutral,Decentralized
Yakidoo,03/12/2021,11/12/2021,280,280,4202,Progressive,Optimized
Topiclounge,09/10/2021,15/07/2021,281,281,1267,Virtual,Upgradable
Buzzdog,26/12/2021,30/09/2021,282,282,3771,attitude,Balanced
Gevee,07/09/2021,07/07/2021,283,283,3898,toolset,optimal
Mydo,04/07/2021,16/10/2021,284,284,1916,function,Virtual
Quinu,17/07/2021,21/09/2021,285,285,302,multi-tasking,Persistent
Livepath,13/04/2022,23/09/2021,286,286,3894,superstructure,optimizing
Meemm,10/11/2021,06/05/2022,287,287,1586,tertiary,Enterprise-wide
Kamba,08/05/2022,14/02/2022,288,288,721,secondary,Ameliorated
Mudo,21/04/2022,12/08/2021,289,289,2707,protocol,Focused
Dabvine,28/02/2022,14/12/2021,290,290,239,Polarised,knowledge base
Yacero,13/04/2022,16/03/2022,291,291,1010,Synchronised,Function-based
Realcube,04/04/2022,27/08/2021,292,292,4221,Ameliorated,coherent
Jayo,18/06/2021,02/07/2021,293,293,1100,flexibility,groupware
Riffpath,01/01/2022,01/08/2021,294,294,595,Reactive,full-range
Jabbercube,04/07/2021,27/11/2021,295,295,2668,Polarised,Reduced
Dabtype,20/11/2021,04/08/2021,296,296,3445,explicit,real-time
Feednation,04/07/2021,06/11/2021,297,297,544,Centralized,open system
Photofeed,24/09/2021,30/08/2021,298,298,3251,open architecture,intangible
Midel,14/08/2021,17/05/2022,299,299,2620,Cross-group,Digitized
Skinder,09/01/2022,06/10/2021,300,300,157,content-based,concept
Zoovu,21/11/2021,20/09/2021,301,301,883,hybrid,Managed
Blognation,09/05/2022,05/09/2021,302,302,1349,capability,alliance
Fatz,25/04/2022,15/09/2021,303,303,2252,grid-enabled,logistical
Trilia,07/10/2021,26/06/2021,304,304,1307,help-desk,Self-enabling
Pixoboo,04/02/2022,12/10/2021,305,305,56,artificial intelligence,hardware
Leenti,16/10/2021,08/08/2021,306,306,1561,matrix,Monitored
Linkbridge,30/07/2021,30/12/2021,307,307,4350,Persistent,full-range
Fiveclub,28/10/2021,01/05/2022,308,308,200,Seamless,capacity
Quamba,01/08/2021,06/02/2022,309,309,3187,transitional,zero tolerance
Gevee,19/06/2021,10/11/2021,310,310,4802,De-engineered,Managed
Babbleopia,31/03/2022,09/05/2022,311,311,2068,Digitized,matrix
Youspan,17/03/2022,04/06/2022,312,312,3209,3rd generation,empowering
Vinder,30/03/2022,04/09/2021,313,313,2781,grid-enabled,parallelism
Topiczoom,20/12/2021,01/11/2021,314,314,4665,Synergized,flexibility
Snaptags,20/03/2022,29/09/2021,315,315,211,De-engineered,optimizing
Livetube,01/01/2022,03/01/2022,316,316,780,workforce,leverage
Zoomzone,17/07/2021,02/05/2022,317,317,1771,superstructure,attitude-oriented
Voonyx,25/04/2022,02/11/2021,318,318,4891,Self-enabling,object-oriented
Blogtag,01/02/2022,05/08/2021,319,319,4326,Enhanced,Intuitive
Brainbox,15/06/2021,03/11/2021,320,320,1209,Team-oriented,productivity
Tazzy,22/09/2021,13/02/2022,321,321,2558,leading edge,Monitored
Vinder,27/09/2021,15/08/2021,322,322,1228,collaboration,Visionary
Trupe,01/05/2022,22/12/2021,323,323,4417,knowledge user,Cross-group
Topiclounge,19/07/2021,30/09/2021,324,324,346,paradigm,groupware
Gevee,29/12/2021,21/01/2022,325,325,1245,utilisation,Intuitive
Edgepulse,31/10/2021,07/11/2021,326,326,1913,complexity,static
Yombu,23/03/2022,21/05/2022,327,327,3234,executive,Polarised
Leenti,07/01/2022,10/12/2021,328,328,2052,algorithm,dedicated
Thoughtmix,18/06/2021,04/03/2022,329,329,4064,success,Multi-channelled
Twiyo,20/09/2021,23/02/2022,330,330,4491,hierarchy,interactive
Avavee,08/06/2022,03/04/2022,331,331,948,even-keeled,Down-sized
Flipstorm,27/01/2022,04/04/2022,332,332,545,holistic,Seamless
Pixonyx,08/08/2021,25/02/2022,333,333,2301,complexity,context-sensitive
Avamba,27/04/2022,14/05/2022,334,334,4539,portal,Pre-emptive
Kwinu,31/10/2021,22/10/2021,335,335,4271,monitoring,Cross-platform
Trilith,08/03/2022,08/02/2022,336,336,4440,modular,knowledge user
Buzzshare,20/01/2022,24/05/2022,337,337,3770,6th generation,incremental
Jabbercube,15/03/2022,05/11/2021,338,338,1952,Focused,task-force
Meevee,07/05/2022,25/09/2021,339,339,493,value-added,Persevering
Skippad,13/10/2021,08/05/2022,340,340,4893,transitional,dedicated
Jetwire,26/01/2022,13/08/2021,341,341,396,knowledge user,internet solution
Blogtag,04/10/2021,21/09/2021,342,342,839,Up-sized,Integrated
Dabvine,25/07/2021,26/12/2021,343,343,1320,global,Public-key
Lazzy,25/09/2021,01/10/2021,344,344,3492,Quality-focused,monitoring
Gabcube,02/11/2021,22/07/2021,345,345,2048,hardware,local area network
Meevee,27/09/2021,01/11/2021,346,346,4945,bi-directional,Visionary
Eazzy,18/11/2021,24/04/2022,347,347,1519,Graphic Interface,Optional
Voolia,06/11/2021,30/11/2021,348,348,50,User-friendly,moderator
Wordware,06/11/2021,02/05/2022,349,349,724,Persevering,Re-contextualized
Jetwire,09/10/2021,12/07/2021,350,350,3986,Virtual,Centralized
Gigazoom,16/10/2021,01/01/2022,351,351,2756,Intuitive,Managed
Vinte,16/06/2021,25/10/2021,352,352,305,3rd generation,Expanded
Demivee,24/01/2022,05/05/2022,353,353,1429,Programmable,homogeneous
Cogilith,25/12/2021,02/05/2022,354,354,2975,context-sensitive,homogeneous
Feedfish,19/11/2021,16/06/2021,355,355,1840,Adaptive,firmware
Mudo,28/05/2022,26/01/2022,356,356,4845,Stand-alone,Vision-oriented
Avamm,30/05/2022,18/07/2021,357,357,2550,product,Synergized
Mybuzz,05/08/2021,04/11/2021,358,358,4212,time-frame,national
Skaboo,04/09/2021,18/09/2021,359,359,4759,interactive,Universal
Dabfeed,30/11/2021,17/01/2022,360,360,3710,User-friendly,Networked
Blogspan,12/08/2021,23/12/2021,361,361,1439,array,next generation
Kaymbo,11/05/2022,28/02/2022,362,362,1458,actuating,attitude
Topicware,08/03/2022,05/07/2021,363,363,3416,Secured,static
Cogilith,17/04/2022,11/06/2022,364,364,241,transitional,Customer-focused
Skiba,06/07/2021,28/08/2021,365,365,73,Diverse,Quality-focused
Flipbug,06/05/2022,02/05/2022,366,366,1047,static,Automated
Photofeed,17/02/2022,01/12/2021,367,367,4341,Customer-focused,orchestration
Divanoodle,29/07/2021,15/04/2022,368,368,1291,Polarised,frame
Brightbean,04/10/2021,09/02/2022,369,369,3987,framework,architecture
Eire,28/10/2021,04/01/2022,370,370,2433,bottom-line,discrete
Feedfire,26/04/2022,12/11/2021,371,371,3579,fault-tolerant,info-mediaries
Bubblebox,13/08/2021,29/07/2021,372,372,61,fresh-thinking,dedicated
Zoozzy,13/10/2021,17/02/2022,373,373,3011,executive,Reduced
Flashdog,04/05/2022,07/12/2021,374,374,3231,solution,Cloned
Voomm,31/01/2022,07/06/2022,375,375,2424,instruction set,Mandatory
Kazu,28/07/2021,01/02/2022,376,376,3708,Multi-lateral,Public-key
Gabcube,04/04/2022,29/03/2022,377,377,2948,Horizontal,bi-directional
Kwinu,20/08/2021,09/03/2022,378,378,44,attitude,6th generation
Skyble,28/02/2022,21/12/2021,379,379,3585,benchmark,open architecture
Meevee,07/04/2022,16/12/2021,380,380,4703,mobile,implementation
Ntag,13/12/2021,05/04/2022,381,381,2587,Fully-configurable,Customizable
Gigaclub,26/12/2021,03/03/2022,382,382,1727,responsive,Grass-roots
Divanoodle,27/02/2022,15/12/2021,383,383,2470,circuit,5th generation
Rooxo,02/10/2021,06/06/2022,384,384,327,asymmetric,migration
Babbleopia,20/08/2021,28/08/2021,385,385,1719,Synchronised,hierarchy
Edgeclub,15/03/2022,10/01/2022,386,386,4096,groupware,modular
Flipopia,02/02/2022,14/10/2021,387,387,1631,Switchable,fresh-thinking
Eabox,20/05/2022,31/07/2021,388,388,1052,task-force,intangible
Roodel,10/04/2022,26/03/2022,389,389,4969,collaboration,Ameliorated
Wikivu,29/03/2022,10/02/2022,390,390,405,Seamless,Centralized
Oloo,26/02/2022,09/08/2021,391,391,3946,Multi-channelled,Intuitive
Brightdog,14/11/2021,18/09/2021,392,392,2193,adapter,info-mediaries
Babbleblab,18/01/2022,09/09/2021,393,393,4278,Extended,info-mediaries
Jabbersphere,30/04/2022,19/11/2021,394,394,298,interface,Enhanced
Brightbean,06/02/2022,29/08/2021,395,395,3928,initiative,Digitized
Flashpoint,29/04/2022,15/05/2022,396,396,1475,actuating,Re-engineered
Devify,27/09/2021,15/07/2021,397,397,4409,Integrated,Exclusive
Camido,22/12/2021,24/03/2022,398,398,4402,Balanced,help-desk
Yozio,24/07/2021,14/02/2022,399,399,2539,intermediate,multi-state
Brainlounge,07/07/2021,02/02/2022,400,400,2222,capacity,benchmark
Meezzy,27/08/2021,10/06/2022,401,401,3366,Devolved,exuding
Mymm,25/02/2022,13/12/2021,402,402,4390,Virtual,mission-critical
Quatz,14/04/2022,06/07/2021,403,403,4972,flexibility,Mandatory
Einti,30/10/2021,11/01/2022,404,404,2105,homogeneous,local
Reallinks,05/09/2021,10/12/2021,405,405,510,attitude-oriented,global
Lazz,20/01/2022,06/01/2022,406,406,3242,Proactive,optimizing
Livefish,20/04/2022,19/12/2021,407,407,1186,uniform,leading edge
Jamia,25/02/2022,27/02/2022,408,408,1116,User-centric,system-worthy
Kare,14/05/2022,01/12/2021,409,409,1312,Virtual,even-keeled
Thoughtstorm,09/07/2021,19/07/2021,410,410,4705,dynamic,access
Rhyloo,25/09/2021,20/03/2022,411,411,1578,Polarised,Virtual
Jaxnation,08/01/2022,31/07/2021,412,412,4674,Public-key,Compatible
Ntag,05/10/2021,01/12/2021,413,413,4626,Robust,Multi-channelled
Skibox,22/07/2021,01/11/2021,414,414,3287,empowering,value-added
Brainverse,11/12/2021,05/06/2022,415,415,3038,analyzing,coherent
Fivechat,28/12/2021,22/02/2022,416,416,3432,4th generation,task-force
Meembee,31/05/2022,20/09/2021,417,417,562,high-level,complexity
InnoZ,28/03/2022,12/11/2021,418,418,1402,mission-critical,Proactive
Brightbean,02/03/2022,23/11/2021,419,419,4195,Implemented,matrices
Fivespan,27/02/2022,03/05/2022,420,420,1882,Open-architected,intranet
Trunyx,12/11/2021,16/10/2021,421,421,2131,Function-based,tertiary
Feedfire,17/03/2022,30/12/2021,422,422,3588,Organized,Object-based
Eabox,20/06/2021,07/11/2021,423,423,2216,artificial intelligence,Phased
Realbuzz,08/08/2021,11/01/2022,424,424,1090,explicit,function
Demivee,21/04/2022,10/10/2021,425,425,1889,local,Total
Demivee,21/11/2021,24/02/2022,426,426,2435,next generation,open system
Kayveo,26/10/2021,07/07/2021,427,427,4668,Fundamental,bandwidth-monitored
Thoughtsphere,13/01/2022,11/05/2022,428,428,4846,Optimized,4th generation
Brightbean,30/12/2021,11/08/2021,429,429,1097,Enterprise-wide,hub
Photospace,26/04/2022,09/08/2021,430,430,4820,Innovative,Innovative
Jaxspan,07/03/2022,12/10/2021,431,431,4642,framework,logistical
Voolith,14/07/2021,11/03/2022,432,432,2365,Open-architected,disintermediate
Viva,23/06/2021,06/05/2022,433,433,2487,middleware,radical
Roomm,02/03/2022,14/02/2022,434,434,2187,clear-thinking,heuristic
Twitternation,20/05/2022,19/05/2022,435,435,4391,foreground,structure
Youspan,19/11/2021,17/07/2021,436,436,1748,bandwidth-monitored,Multi-channelled
Ntags,15/02/2022,04/07/2021,437,437,1770,core,complexity
Divape,23/10/2021,17/12/2021,438,438,2276,bottom-line,Persevering
Tagopia,29/10/2021,14/10/2021,439,439,1817,Synergized,attitude
Devpoint,01/12/2021,28/10/2021,440,440,3591,ability,national
Realblab,25/02/2022,14/06/2021,441,441,1737,Fully-configurable,Re-contextualized
Topicshots,23/01/2022,03/11/2021,442,442,2571,circuit,interface
Yodoo,12/10/2021,10/03/2022,443,443,2652,User-centric,support
Yodo,27/01/2022,06/12/2021,444,444,1963,architecture,system engine
Yadel,09/06/2022,15/01/2022,445,445,3523,approach,parallelism
Lajo,10/03/2022,17/05/2022,446,446,2896,bi-directional,pricing structure
Topicstorm,29/07/2021,01/11/2021,447,447,4119,regional,Adaptive
Mymm,01/10/2021,24/12/2021,448,448,4679,Multi-lateral,4th generation
Vidoo,12/05/2022,28/09/2021,449,449,4057,maximized,Cross-platform
Browsezoom,09/09/2021,25/11/2021,450,450,2107,frame,Re-engineered
Rhycero,21/03/2022,02/06/2022,451,451,1695,migration,full-range
Thoughtblab,05/08/2021,25/06/2021,452,452,3620,synergy,internet solution
Tanoodle,05/12/2021,22/06/2021,453,453,1633,Future-proofed,needs-based
Divanoodle,20/11/2021,22/05/2022,454,454,2364,static,analyzer
Photospace,30/04/2022,13/05/2022,455,455,268,encryption,database
Jatri,06/03/2022,11/08/2021,456,456,2199,concept,Customer-focused
Zoovu,12/01/2022,26/06/2021,457,457,195,responsive,Compatible
Skaboo,20/08/2021,29/12/2021,458,458,1215,parallelism,Realigned
Topiclounge,13/05/2022,03/08/2021,459,459,1428,product,application
Demizz,13/10/2021,26/10/2021,460,460,403,Expanded,Grass-roots
Geba,22/08/2021,02/02/2022,461,461,4469,Down-sized,high-level
Dynazzy,26/04/2022,29/12/2021,462,462,3884,Team-oriented,Face to face
Voolith,23/05/2022,01/01/2022,463,463,1432,model,architecture
Yoveo,25/12/2021,22/12/2021,464,464,769,Fundamental,Configurable
Leexo,14/04/2022,22/02/2022,465,465,358,superstructure,Horizontal
Wordware,08/09/2021,19/08/2021,466,466,2320,zero administration,Switchable
Babbleopia,14/08/2021,02/08/2021,467,467,3213,local area network,responsive
Eadel,18/03/2022,30/06/2021,468,468,4990,fault-tolerant,Reduced
Viva,21/03/2022,02/05/2022,469,469,3556,Streamlined,orchestration
Agivu,03/07/2021,24/07/2021,470,470,4280,non-volatile,intranet
Fatz,04/05/2022,07/04/2022,471,471,19,Future-proofed,motivating
Eadel,18/02/2022,03/01/2022,472,472,3092,Multi-channelled,object-oriented
Zava,18/06/2021,14/02/2022,473,473,3178,Cross-group,flexibility
Yodoo,01/06/2022,25/06/2021,474,474,2321,eco-centric,4th generation
Talane,02/12/2021,17/11/2021,475,475,994,optimal,Organic
Jabbercube,25/04/2022,06/08/2021,476,476,1865,middleware,ability
Wikido,13/10/2021,13/05/2022,477,477,1283,hybrid,access
Livetube,30/03/2022,14/04/2022,478,478,1292,modular,Team-oriented
Jayo,04/12/2021,08/10/2021,479,479,3499,intranet,Grass-roots
Topicshots,14/10/2021,25/05/2022,480,480,3970,value-added,methodology
Buzzbean,20/12/2021,05/11/2021,481,481,1500,Function-based,methodical
Shuffletag,25/07/2021,26/11/2021,482,482,4055,Reverse-engineered,fresh-thinking
Jaxbean,18/01/2022,08/06/2022,483,483,4076,5th generation,4th generation
Quinu,18/10/2021,22/09/2021,484,484,4133,user-facing,neutral
Aivee,07/10/2021,05/10/2021,485,485,642,Team-oriented,intermediate
Trilith,06/04/2022,27/09/2021,486,486,3488,Fundamental,matrices
Yodo,03/04/2022,05/11/2021,487,487,596,Fully-configurable,local
Voonte,23/06/2021,23/06/2021,488,488,2006,parallelism,support
Meedoo,28/09/2021,26/11/2021,489,489,3356,extranet,multi-state
Eayo,22/11/2021,22/07/2021,490,490,199,flexibility,Triple-buffered
Divape,29/04/2022,11/10/2021,491,491,1976,Diverse,Re-engineered
Cogilith,25/12/2021,15/03/2022,492,492,3151,migration,Graphic Interface
Eare,24/04/2022,17/07/2021,493,493,2977,systematic,Extended
Dynava,22/01/2022,26/07/2021,494,494,1286,User-friendly,coherent
Fivebridge,10/11/2021,15/10/2021,495,495,2405,Switchable,Automated
Digitube,16/11/2021,17/10/2021,496,496,2980,homogeneous,Exclusive
Linkbridge,24/04/2022,26/12/2021,497,497,2522,upward-trending,Adaptive
Dabjam,25/10/2021,25/06/2021,498,498,4876,website,Pre-emptive
Muxo,04/06/2022,06/09/2021,499,499,3211,access,mobile
Tagopia,12/06/2021,09/04/2022,500,500,2523,multimedia,cohesive
Voonder,10/11/2021,22/01/2022,501,501,2412,Re-engineered,migration
Eire,09/02/2022,09/05/2022,502,502,4792,disintermediate,Synergized
Yamia,08/04/2022,18/06/2021,503,503,4868,Down-sized,Inverse
Yozio,23/08/2021,02/07/2021,504,504,474,local area network,capacity
Babbleset,07/10/2021,26/12/2021,505,505,1181,Cloned,demand-driven
Podcat,29/06/2021,18/06/2021,506,506,1159,Implemented,asymmetric
Nlounge,20/01/2022,13/06/2021,507,507,866,Realigned,modular
Skibox,20/03/2022,21/04/2022,508,508,1769,encompassing,hierarchy
Twinte,22/03/2022,08/11/2021,509,509,4408,Persevering,hierarchy
Rhyloo,07/12/2021,12/12/2021,510,510,4146,frame,complexity
Wikibox,12/05/2022,13/10/2021,511,511,1249,strategy,client-server
Twitterbeat,18/12/2021,05/12/2021,512,512,210,Multi-lateral,Decentralized
Nlounge,06/04/2022,08/12/2021,513,513,2520,analyzer,uniform
Vinder,02/09/2021,18/02/2022,514,514,1984,workforce,Reduced
Shufflebeat,14/01/2022,05/09/2021,515,515,438,Secured,Persistent
Kwilith,12/12/2021,06/06/2022,516,516,4834,3rd generation,instruction set
Wikizz,21/03/2022,27/06/2021,517,517,4672,interactive,holistic
Oloo,06/08/2021,02/07/2021,518,518,3372,parallelism,clear-thinking
Devify,07/07/2021,04/07/2021,519,519,1595,Total,Public-key
Flashdog,05/02/2022,01/02/2022,520,520,2028,radical,complexity
Babbleopia,18/02/2022,12/11/2021,521,521,4502,disintermediate,heuristic
Zava,03/01/2022,16/12/2021,522,522,1032,next generation,Versatile
Kwimbee,13/05/2022,02/01/2022,523,523,1855,neural-net,attitude-oriented
Feednation,24/12/2021,14/04/2022,524,524,2501,homogeneous,bandwidth-monitored
Tekfly,03/03/2022,18/08/2021,525,525,2100,directional,Distributed
Skimia,24/11/2021,14/04/2022,526,526,2485,Virtual,projection
Oyondu,01/01/2022,24/10/2021,527,527,3817,Function-based,project
Skilith,06/09/2021,30/11/2021,528,528,3709,Secured,homogeneous
Dynazzy,15/10/2021,09/08/2021,529,529,4757,Phased,data-warehouse
Feedspan,01/01/2022,14/01/2022,530,530,2050,hybrid,Monitored
Zoombeat,21/10/2021,04/11/2021,531,531,3937,application,framework
Layo,01/10/2021,29/01/2022,532,532,3477,real-time,Sharable
Skivee,18/02/2022,01/02/2022,533,533,2970,multimedia,framework
Vinder,20/06/2021,20/06/2021,534,534,1766,4th generation,demand-driven
Skyvu,15/11/2021,18/07/2021,535,535,1435,Virtual,hierarchy
Kaymbo,11/02/2022,25/11/2021,536,536,405,client-driven,responsive
Abata,15/10/2021,26/09/2021,537,537,3380,matrices,Fully-configurable
Vimbo,09/09/2021,28/08/2021,538,538,1651,paradigm,support
Brightbean,13/04/2022,11/10/2021,539,539,3580,real-time,regional
Edgepulse,17/01/2022,05/07/2021,540,540,907,Assimilated,intranet
Riffwire,16/08/2021,02/04/2022,541,541,4021,Pre-emptive,neural-net
Fivechat,26/12/2021,26/10/2021,542,542,2499,context-sensitive,eco-centric
Wordtune,13/08/2021,10/09/2021,543,543,2596,dynamic,client-server
Zava,16/08/2021,05/11/2021,544,544,3325,mission-critical,benchmark
Leexo,28/06/2021,26/09/2021,545,545,3045,regional,Synergized
Ozu,13/07/2021,13/11/2021,546,546,4976,static,De-engineered
Twitternation,21/11/2021,30/11/2021,547,547,2489,optimal,directional
Jabberstorm,01/06/2022,29/09/2021,548,548,1072,Customer-focused,User-friendly
Eayo,07/11/2021,23/06/2021,549,549,302,Total,Persevering
Jabberbean,24/09/2021,03/08/2021,550,550,3348,intranet,heuristic
Kazu,27/08/2021,15/09/2021,551,551,4977,Graphic Interface,homogeneous
Topicware,27/09/2021,29/03/2022,552,552,467,Innovative,Self-enabling
Zava,11/07/2021,10/07/2021,553,553,808,24 hour,bandwidth-monitored
Brainverse,15/03/2022,02/05/2022,554,554,780,Face to face,Optimized
Gevee,06/03/2022,25/07/2021,555,555,1297,dynamic,budgetary management
Teklist,03/12/2021,06/09/2021,556,556,149,Cross-group,Compatible
Linkbridge,29/01/2022,26/06/2021,557,557,308,Open-architected,radical
Kazio,20/10/2021,05/08/2021,558,558,2976,leading edge,instruction set
Linktype,20/01/2022,01/05/2022,559,559,4176,flexibility,Reduced
Babbleblab,08/01/2022,01/12/2021,560,560,4232,paradigm,frame
Leenti,02/12/2021,13/09/2021,561,561,136,full-range,clear-thinking
Trudeo,02/01/2022,03/11/2021,562,562,1490,moderator,value-added
Oozz,02/12/2021,04/09/2021,563,563,2358,encoding,coherent
Yozio,21/04/2022,19/11/2021,564,564,3126,emulation,project
Tagfeed,23/12/2021,30/04/2022,565,565,2778,static,leverage
Dynava,22/12/2021,20/12/2021,566,566,950,solution-oriented,Proactive
Gigabox,29/04/2022,08/03/2022,567,567,3689,algorithm,Quality-focused
Skyble,30/05/2022,28/01/2022,568,568,1557,homogeneous,asynchronous
Ozu,23/05/2022,12/08/2021,569,569,3022,24/7,Implemented
Photospace,18/12/2021,02/08/2021,570,570,2454,secondary,Upgradable
Plajo,17/12/2021,22/03/2022,571,571,1613,Public-key,context-sensitive
Ooba,23/08/2021,08/03/2022,572,572,3615,5th generation,Advanced
Zoonoodle,07/03/2022,20/05/2022,573,573,3445,Operative,Fundamental
Digitube,11/07/2021,09/09/2021,574,574,40,Focused,Ameliorated
Nlounge,07/04/2022,09/05/2022,575,575,696,Digitized,structure
Topiclounge,22/09/2021,04/08/2021,576,576,2542,multimedia,instruction set
Vipe,19/06/2021,29/03/2022,577,577,3853,hardware,Front-line
Realcube,28/11/2021,27/11/2021,578,578,1896,Advanced,capacity
Browsezoom,24/02/2022,13/07/2021,579,579,749,Adaptive,strategy
Voomm,06/10/2021,02/11/2021,580,580,527,circuit,Team-oriented
Mybuzz,14/04/2022,04/02/2022,581,581,2743,portal,complexity
Layo,21/07/2021,13/03/2022,582,582,515,Switchable,Diverse
Browsedrive,02/06/2022,08/11/2021,583,583,3438,Balanced,conglomeration
Buzzbean,26/05/2022,24/07/2021,584,584,495,intangible,directional
Tagcat,26/07/2021,09/08/2021,585,585,1714,Innovative,Horizontal
Fivespan,11/07/2021,10/11/2021,586,586,1346,optimal,initiative
Thoughtbeat,25/03/2022,04/11/2021,587,587,2366,forecast,Stand-alone
Wikido,15/08/2021,05/11/2021,588,588,589,ability,disintermediate
Meezzy,04/04/2022,27/03/2022,589,589,3762,background,Cross-group
Eare,12/02/2022,21/10/2021,590,590,4247,Future-proofed,Decentralized
Skyvu,13/01/2022,04/12/2021,591,591,2632,Inverse,national
Yozio,22/08/2021,30/04/2022,592,592,4550,contingency,Configurable
Ainyx,22/09/2021,22/09/2021,593,593,4552,throughput,local area network
Photobean,05/10/2021,11/11/2021,594,594,674,data-warehouse,Exclusive
Thoughtstorm,23/08/2021,05/05/2022,595,595,1469,Robust,capability
Abata,28/04/2022,07/08/2021,596,596,4968,Phased,Sharable
Dynabox,30/01/2022,06/07/2021,597,597,3353,intermediate,composite
Twitternation,15/12/2021,24/03/2022,598,598,1387,process improvement,Polarised
Abata,26/03/2022,19/02/2022,599,599,4765,installation,Optional
Mudo,24/12/2021,31/03/2022,600,600,1445,User-centric,analyzer
Fiveclub,15/09/2021,08/04/2022,601,601,3531,Fundamental,Pre-emptive
Minyx,18/07/2021,07/02/2022,602,602,4646,impactful,Self-enabling
Wikibox,27/10/2021,25/05/2022,603,603,88,responsive,application
Jaloo,10/07/2021,20/10/2021,604,604,4959,flexibility,Vision-oriented
Oyoloo,14/06/2021,21/03/2022,605,605,3830,Quality-focused,maximized
Skiptube,11/12/2021,17/07/2021,606,606,4129,Fully-configurable,matrices
Twiyo,28/12/2021,02/09/2021,607,607,4727,artificial intelligence,Advanced
Gabcube,02/07/2021,24/05/2022,608,608,4427,extranet,mobile
Muxo,15/10/2021,13/01/2022,609,609,4171,emulation,didactic
Vitz,15/07/2021,07/01/2022,610,610,371,clear-thinking,Decentralized
Camido,08/11/2021,25/06/2021,611,611,1375,Reactive,Public-key
Trilia,02/11/2021,24/03/2022,612,612,2789,knowledge user,info-mediaries
Plambee,05/09/2021,21/02/2022,613,613,2642,artificial intelligence,focus group
Youfeed,31/12/2021,07/11/2021,614,614,2722,radical,functionalities
Skinder,26/10/2021,31/07/2021,615,615,2667,zero defect,homogeneous
Meetz,04/05/2022,13/07/2021,616,616,4470,Innovative,multi-tasking
Yozio,02/10/2021,03/10/2021,617,617,4701,discrete,Horizontal
Podcat,12/09/2021,30/01/2022,618,618,396,Balanced,empowering
Skibox,30/04/2022,22/06/2021,619,619,1774,attitude,eco-centric
Topicblab,12/07/2021,15/02/2022,620,620,3972,hybrid,6th generation
Browsebug,06/04/2022,27/12/2021,621,621,4991,ability,content-based
Twitterbeat,13/04/2022,14/06/2021,622,622,3436,product,exuding
Gigazoom,28/11/2021,09/06/2022,623,623,2056,24 hour,hybrid
Viva,16/08/2021,25/09/2021,624,624,4500,Re-contextualized,Focused
Wikivu,06/05/2022,04/06/2022,625,625,3659,hierarchy,Enterprise-wide
Quimba,18/07/2021,12/05/2022,626,626,1325,Persevering,Persevering
Aivee,04/03/2022,01/08/2021,627,627,3147,Mandatory,Up-sized
Mymm,18/06/2021,27/11/2021,628,628,3804,strategy,moratorium
Topicstorm,17/01/2022,26/02/2022,629,629,11,customer loyalty,access
Quatz,26/12/2021,11/06/2022,630,630,1480,benchmark,encryption
Browsedrive,08/07/2021,26/12/2021,631,631,897,hub,architecture
Roodel,28/08/2021,11/03/2022,632,632,754,Multi-lateral,non-volatile
Flashpoint,27/12/2021,03/09/2021,633,633,2995,coherent,Multi-channelled
Topdrive,24/11/2021,28/09/2021,634,634,2236,Front-line,3rd generation
Avamba,10/08/2021,08/10/2021,635,635,2363,bottom-line,model
Shufflester,29/09/2021,09/10/2021,636,636,1711,asynchronous,zero administration
Yabox,13/12/2021,07/08/2021,637,637,2321,dedicated,Vision-oriented
Lazzy,04/07/2021,28/06/2021,638,638,2533,Right-sized,standardization
Topicblab,29/06/2021,20/02/2022,639,639,2510,zero defect,methodical
Viva,16/08/2021,07/11/2021,640,640,1616,Future-proofed,info-mediaries
Brainverse,20/10/2021,28/04/2022,641,641,3654,Robust,Operative
Gigabox,10/02/2022,20/10/2021,642,642,1188,function,Distributed
Vimbo,11/06/2022,11/07/2021,643,643,2036,access,attitude
Jabbersphere,03/04/2022,16/03/2022,644,644,603,responsive,neural-net
Edgepulse,11/10/2021,12/07/2021,645,645,3289,3rd generation,real-time
Devbug,03/03/2022,30/05/2022,646,646,723,Extended,radical
Yakijo,18/03/2022,12/12/2021,647,647,1062,Ameliorated,array
Oozz,16/06/2021,27/11/2021,648,648,4689,full-range,local area network
Dablist,11/08/2021,19/12/2021,649,649,461,client-server,database
Linkbuzz,23/06/2021,29/09/2021,650,650,3630,Fully-configurable,Upgradable
Meetz,03/06/2022,21/10/2021,651,651,4972,Intuitive,scalable
Photolist,26/03/2022,23/11/2021,652,652,1892,data-warehouse,clear-thinking
Quimba,22/09/2021,27/10/2021,653,653,1069,demand-driven,object-oriented
Voomm,29/12/2021,05/06/2022,654,654,2810,access,Balanced
Vitz,21/06/2021,02/01/2022,655,655,4264,Decentralized,mission-critical
Twitterwire,21/06/2021,13/06/2021,656,656,3571,Adaptive,5th generation
Linktype,08/09/2021,07/11/2021,657,657,4783,synergy,Multi-layered
JumpXS,15/06/2021,22/12/2021,658,658,3544,Secured,Robust
Rooxo,04/01/2022,11/02/2022,659,659,1834,utilisation,Reduced
Topiczoom,13/02/2022,16/10/2021,660,660,3683,fresh-thinking,Proactive
Yacero,10/04/2022,20/12/2021,661,661,3792,Team-oriented,algorithm
Twimm,01/05/2022,05/08/2021,662,662,4966,synergy,adapter
Quimba,06/07/2021,03/08/2021,663,663,4328,empowering,homogeneous
Trupe,16/08/2021,01/06/2022,664,664,2032,directional,Centralized
Realbridge,02/11/2021,25/09/2021,665,665,1576,function,benchmark
Skyndu,13/02/2022,29/10/2021,666,666,354,Virtual,Right-sized
Latz,15/06/2021,25/11/2021,667,667,2701,real-time,Configurable
Brainsphere,12/09/2021,25/01/2022,668,668,4097,composite,Synergized
Flashspan,25/11/2021,11/06/2022,669,669,289,eco-centric,Multi-lateral
Blognation,21/10/2021,20/12/2021,670,670,3382,Front-line,Reduced
Fivebridge,11/10/2021,10/05/2022,671,671,3766,Multi-lateral,database
Thoughtblab,02/06/2022,09/06/2022,672,672,2837,zero administration,Extended
Trilia,08/05/2022,11/05/2022,673,673,220,fault-tolerant,time-frame
Leenti,25/12/2021,03/09/2021,674,674,4371,process improvement,attitude-oriented
Jaxbean,30/11/2021,27/04/2022,675,675,3328,Sharable,tertiary
Voonder,21/03/2022,21/03/2022,676,676,1819,Progressive,Programmable
Fadeo,28/05/2022,25/12/2021,677,677,1430,architecture,productivity
Zooveo,10/04/2022,10/05/2022,678,678,2610,multimedia,matrix
Blogspan,20/12/2021,25/03/2022,679,679,4160,functionalities,contextually-based
Lazz,07/05/2022,21/05/2022,680,680,17,Balanced,Multi-channelled
Babblestorm,01/06/2022,19/02/2022,681,681,4922,Persevering,Synchronised
Meevee,25/01/2022,06/02/2022,682,682,2599,task-force,utilisation
Twitterbridge,01/05/2022,02/05/2022,683,683,1075,homogeneous,fault-tolerant
Cogidoo,31/05/2022,09/12/2021,684,684,835,incremental,focus group
Yodel,27/10/2021,19/04/2022,685,685,4488,grid-enabled,moderator
Tazzy,30/12/2021,18/10/2021,686,686,848,Multi-layered,intermediate
Kaymbo,02/02/2022,29/01/2022,687,687,648,monitoring,empowering
Zooxo,02/11/2021,01/12/2021,688,688,3061,Managed,secured line
Realmix,17/05/2022,06/05/2022,689,689,4127,Multi-layered,disintermediate
Latz,14/03/2022,12/01/2022,690,690,2176,executive,dedicated
Gabspot,24/08/2021,01/09/2021,691,691,3640,Diverse,hybrid
Twitterbeat,23/02/2022,20/12/2021,692,692,2350,installation,architecture
Eimbee,02/12/2021,27/02/2022,693,693,2045,Distributed,actuating
Shufflebeat,03/03/2022,26/01/2022,694,694,2455,client-driven,non-volatile
Rhynoodle,21/10/2021,28/12/2021,695,695,420,demand-driven,Advanced
Realblab,15/06/2021,29/01/2022,696,696,3319,Graphical User Interface,bi-directional
Yotz,12/04/2022,18/08/2021,697,697,1050,projection,concept
Tekfly,30/07/2021,27/07/2021,698,698,941,intranet,didactic
Yotz,22/12/2021,02/01/2022,699,699,4029,function,optimizing
Thoughtworks,10/08/2021,03/05/2022,700,700,3192,Triple-buffered,Customizable
Tazz,29/07/2021,30/11/2021,701,701,4018,Total,Versatile
Avamba,08/04/2022,26/06/2021,702,702,721,impactful,Configurable
Ntag,20/12/2021,08/02/2022,703,703,1370,Function-based,Polarised
Avavee,02/09/2021,12/07/2021,704,704,615,Inverse,Exclusive
JumpXS,11/02/2022,09/09/2021,705,705,1684,process improvement,Optional
Wordpedia,26/11/2021,03/11/2021,706,706,408,Fully-configurable,groupware
Devcast,06/06/2022,10/09/2021,707,707,1101,fresh-thinking,content-based
Voomm,18/11/2021,14/05/2022,708,708,3379,Cross-platform,Up-sized
Realmix,23/03/2022,03/05/2022,709,709,4610,systematic,adapter
Demimbu,14/11/2021,31/03/2022,710,710,3911,Multi-lateral,Optional
Ozu,13/06/2021,06/07/2021,711,711,4528,well-modulated,budgetary management
Yoveo,07/06/2022,24/10/2021,712,712,152,Innovative,system-worthy
Yodoo,19/01/2022,04/11/2021,713,713,4014,open system,optimizing
Skinte,19/05/2022,11/11/2021,714,714,324,encryption,structure
Skipfire,24/04/2022,28/01/2022,715,715,555,emulation,Adaptive
Tagpad,18/10/2021,08/02/2022,716,716,475,Integrated,pricing structure
Kimia,11/05/2022,05/11/2021,717,717,4498,bottom-line,web-enabled
Ailane,27/12/2021,15/11/2021,718,718,106,knowledge user,internet solution
Roomm,16/09/2021,06/12/2021,719,719,952,ability,challenge
Wordify,06/06/2022,21/09/2021,720,720,4784,capability,Object-based
Twimm,21/07/2021,01/08/2021,721,721,3521,Vision-oriented,Grass-roots
Talane,11/12/2021,27/07/2021,722,722,4635,multi-state,impactful
Rhycero,17/09/2021,26/05/2022,723,723,1260,Fundamental,cohesive
Latz,13/10/2021,26/09/2021,724,724,4825,contingency,portal
Meeveo,27/02/2022,05/08/2021,725,725,70,tertiary,Intuitive
Tanoodle,06/05/2022,15/08/2021,726,726,2764,Enterprise-wide,intermediate
Browsezoom,30/08/2021,01/06/2022,727,727,4895,high-level,project
Mynte,24/10/2021,09/06/2022,728,728,2299,user-facing,Extended
Janyx,23/09/2021,12/04/2022,729,729,1127,contingency,Proactive
Feedbug,20/06/2021,15/07/2021,730,730,3490,hardware,interactive
Eamia,05/03/2022,02/04/2022,731,731,1327,Open-source,Synergistic
Yakidoo,21/12/2021,28/09/2021,732,732,2189,coherent,Upgradable
Edgeclub,17/09/2021,03/03/2022,733,733,1556,Fundamental,radical
Meedoo,21/11/2021,23/10/2021,734,734,1337,demand-driven,Organic
Tazz,01/06/2022,16/11/2021,735,735,4911,interactive,matrix
Twitterwire,29/09/2021,14/03/2022,736,736,1756,Up-sized,Devolved
Flipstorm,05/04/2022,04/10/2021,737,737,564,orchestration,functionalities
Demivee,06/06/2022,18/05/2022,738,738,4996,scalable,content-based
Bubbletube,01/06/2022,31/07/2021,739,739,3793,hardware,disintermediate
Fiveclub,05/04/2022,26/05/2022,740,740,763,eco-centric,hub
Meezzy,14/01/2022,22/03/2022,741,741,991,Ameliorated,Networked
Twitterlist,19/08/2021,23/05/2022,742,742,4802,infrastructure,Virtual
Bluejam,06/11/2021,13/11/2021,743,743,3392,methodology,Reactive
Einti,01/03/2022,23/02/2022,744,744,798,Vision-oriented,well-modulated
Abatz,10/10/2021,27/12/2021,745,745,2150,contextually-based,Seamless
Tazzy,29/06/2021,13/02/2022,746,746,2530,eco-centric,Customer-focused
Photojam,16/02/2022,05/04/2022,747,747,4779,Proactive,customer loyalty
Realmix,18/08/2021,11/11/2021,748,748,2200,Sharable,modular
Quinu,08/06/2022,13/09/2021,749,749,1432,User-friendly,time-frame
Dablist,21/07/2021,26/11/2021,750,750,4632,open architecture,Secured
Zoombeat,26/03/2022,04/03/2022,751,751,4718,Multi-layered,Open-architected
Twitterbeat,02/03/2022,27/05/2022,752,752,1861,focus group,Innovative
Izio,02/12/2021,16/02/2022,753,753,2027,alliance,local
Voomm,01/06/2022,22/06/2021,754,754,1037,utilisation,encryption
Dabvine,16/06/2021,24/08/2021,755,755,4417,zero defect,multi-state
Babblestorm,05/09/2021,20/07/2021,756,756,4648,eco-centric,Fundamental
Realfire,27/04/2022,07/04/2022,757,757,3145,Public-key,heuristic
Photospace,19/01/2022,24/12/2021,758,758,3645,Universal,access
Buzzdog,11/07/2021,23/05/2022,759,759,4008,responsive,matrix
Twinder,27/08/2021,20/04/2022,760,760,214,migration,upward-trending
Fiveclub,04/07/2021,27/08/2021,761,761,4754,projection,Optional
Zoombeat,18/02/2022,24/05/2022,762,762,628,Digitized,De-engineered
Livefish,13/09/2021,20/12/2021,763,763,2608,disintermediate,client-driven
Linkbridge,26/11/2021,03/01/2022,764,764,2218,utilisation,collaboration
Flashspan,14/06/2021,11/11/2021,765,765,395,Organic,encompassing
Trilia,28/10/2021,11/03/2022,766,766,4732,moratorium,Compatible
Realmix,12/07/2021,24/05/2022,767,767,1165,encoding,Business-focused
Bluezoom,25/08/2021,13/05/2022,768,768,249,flexibility,groupware
Twimm,12/07/2021,16/03/2022,769,769,3111,value-added,capability
Photobug,27/05/2022,04/04/2022,770,770,1686,fresh-thinking,neutral
Eidel,04/11/2021,24/01/2022,771,771,1554,conglomeration,internet solution
Buzzdog,02/06/2022,02/11/2021,772,772,932,Multi-tiered,utilisation
Brightdog,23/05/2022,28/07/2021,773,773,1970,Operative,interface
Skaboo,20/05/2022,22/04/2022,774,774,524,multi-state,Implemented
Dynazzy,10/06/2022,29/08/2021,775,775,2326,cohesive,time-frame
Layo,29/08/2021,16/11/2021,776,776,1887,zero tolerance,website
Jaxworks,28/03/2022,02/04/2022,777,777,4409,knowledge user,needs-based
Vinder,01/10/2021,03/11/2021,778,778,3957,modular,Fundamental
Innotype,11/06/2022,07/06/2022,779,779,1195,static,attitude
Jatri,30/05/2022,27/07/2021,780,780,4292,website,complexity
Tazzy,24/02/2022,15/10/2021,781,781,2957,Proactive,scalable
Skiptube,29/10/2021,28/06/2021,782,782,2298,maximized,support
InnoZ,23/05/2022,20/03/2022,783,783,1523,Phased,matrices
Tazzy,05/06/2022,26/12/2021,784,784,3214,Networked,object-oriented
Cogidoo,02/03/2022,19/09/2021,785,785,4412,intangible,high-level
Wikizz,03/12/2021,16/04/2022,786,786,4411,analyzer,Networked
Fivebridge,30/10/2021,08/08/2021,787,787,4758,database,solution-oriented
Tagpad,12/12/2021,25/12/2021,788,788,3907,Vision-oriented,methodology
Oloo,04/09/2021,24/09/2021,789,789,3674,Function-based,Enterprise-wide
Yakitri,15/03/2022,02/06/2022,790,790,2515,6th generation,Object-based
Kazu,04/02/2022,06/05/2022,791,791,4199,Programmable,upward-trending
Blogspan,09/10/2021,19/10/2021,792,792,4538,open architecture,transitional
Kwideo,23/06/2021,14/12/2021,793,793,2424,Re-contextualized,Ameliorated
Rooxo,09/11/2021,01/11/2021,794,794,1838,challenge,Innovative
Topicshots,04/10/2021,14/02/2022,795,795,4971,regional,Realigned
Wordify,03/11/2021,13/05/2022,796,796,3717,policy,multi-state
Dabshots,20/12/2021,27/05/2022,797,797,1381,Digitized,Self-enabling
Camimbo,08/09/2021,22/04/2022,798,798,4831,time-frame,asynchronous
Thoughtstorm,18/03/2022,01/02/2022,799,799,4992,utilisation,Up-sized
Jabbersphere,11/01/2022,21/07/2021,800,800,3492,object-oriented,actuating
Avamm,02/04/2022,27/12/2021,801,801,4465,stable,Open-architected
Tanoodle,17/07/2021,06/06/2022,802,802,4251,Optimized,holistic
Latz,27/02/2022,14/06/2021,803,803,333,portal,static
Feednation,28/05/2022,29/05/2022,804,804,2058,Multi-lateral,functionalities
Yotz,12/08/2021,25/01/2022,805,805,3509,actuating,application
Zoomlounge,26/06/2021,13/01/2022,806,806,2269,Upgradable,bifurcated
Yacero,30/11/2021,25/11/2021,807,807,4013,homogeneous,capability
Innotype,09/03/2022,11/10/2021,808,808,3269,Horizontal,Integrated
Realpoint,10/08/2021,20/03/2022,809,809,3723,Optimized,Visionary
Rhycero,04/08/2021,07/07/2021,810,810,3518,web-enabled,Distributed
Latz,19/07/2021,27/06/2021,811,811,3234,foreground,dedicated
Latz,23/08/2021,19/07/2021,812,812,3031,Business-focused,De-engineered
Meemm,23/07/2021,02/03/2022,813,813,310,tertiary,contextually-based
Kazio,26/08/2021,21/06/2021,814,814,1743,capacity,grid-enabled
Devshare,27/03/2022,13/01/2022,815,815,4400,Face to face,Proactive
Voomm,15/12/2021,04/09/2021,816,816,1968,definition,Open-source
Shufflester,13/12/2021,08/09/2021,817,817,3626,Devolved,Compatible
Gigaclub,27/01/2022,30/03/2022,818,818,3866,web-enabled,collaboration
Topicblab,05/11/2021,05/08/2021,819,819,3618,Multi-channelled,Organized
Ntags,14/12/2021,25/01/2022,820,820,1176,bi-directional,Progressive
Twitterlist,07/02/2022,29/04/2022,821,821,22,support,strategy
Photospace,21/08/2021,13/08/2021,822,822,1646,circuit,analyzing
Thoughtsphere,08/11/2021,04/07/2021,823,823,3691,well-modulated,open architecture
Plambee,02/03/2022,15/08/2021,824,824,4679,non-volatile,ability
Realbuzz,13/12/2021,31/08/2021,825,825,3763,Cloned,task-force
Blogtags,27/04/2022,15/03/2022,826,826,1406,Ameliorated,Adaptive
Skiptube,19/05/2022,15/10/2021,827,827,4604,Realigned,methodology
Oyondu,09/02/2022,04/10/2021,828,828,2950,access,Open-architected
Linktype,07/03/2022,01/03/2022,829,829,459,Open-source,zero defect
Quire,11/10/2021,20/12/2021,830,830,4100,hierarchy,grid-enabled
Dazzlesphere,08/09/2021,11/07/2021,831,831,2852,motivating,superstructure
Meemm,24/03/2022,27/01/2022,832,832,2857,approach,optimal
Linktype,04/03/2022,29/03/2022,833,833,3481,6th generation,Profound
Oloo,27/07/2021,19/06/2021,834,834,1009,local area network,protocol
Flashset,02/09/2021,14/02/2022,835,835,4090,Graphical User Interface,system-worthy
Jatri,26/12/2021,16/04/2022,836,836,2286,customer loyalty,Digitized
Browsebug,23/05/2022,23/07/2021,837,837,2641,methodology,middleware
Omba,12/02/2022,13/05/2022,838,838,4517,collaboration,4th generation
Topicstorm,05/03/2022,12/10/2021,839,839,651,Graphic Interface,array
Thoughtbeat,21/09/2021,03/08/2021,840,840,3496,De-engineered,project
Skidoo,17/12/2021,21/12/2021,841,841,4186,orchestration,Quality-focused
Wikivu,17/03/2022,15/11/2021,842,842,3093,Multi-lateral,Right-sized
Skimia,23/01/2022,01/07/2021,843,843,1516,24 hour,function
Kazu,31/01/2022,11/06/2022,844,844,4393,zero administration,User-centric
Eidel,13/12/2021,08/03/2022,845,845,1118,Virtual,explicit
Trupe,17/02/2022,07/09/2021,846,846,2005,Business-focused,neural-net
Gabspot,20/02/2022,29/01/2022,847,847,4615,Face to face,discrete
Gigabox,30/05/2022,17/10/2021,848,848,2777,multi-tasking,firmware
Thoughtblab,03/03/2022,10/01/2022,849,849,2833,Intuitive,orchestration
Fiveclub,09/08/2021,19/07/2021,850,850,572,model,Quality-focused
Skynoodle,28/11/2021,19/02/2022,851,851,4720,4th generation,neural-net
Meetz,18/10/2021,08/11/2021,852,852,30,Focused,Upgradable
Voomm,24/01/2022,12/06/2021,853,853,4883,solution-oriented,projection
Eimbee,28/02/2022,07/06/2022,854,854,3016,Re-contextualized,Implemented
Vinte,07/11/2021,16/11/2021,855,855,4230,Realigned,hybrid
Trilia,04/02/2022,08/07/2021,856,856,3537,portal,background
Eayo,01/06/2022,04/02/2022,857,857,713,Reduced,Cloned
Linkbridge,15/01/2022,04/12/2021,858,858,4327,projection,help-desk
Avamm,23/08/2021,08/07/2021,859,859,4555,knowledge user,Digitized
Bluejam,26/11/2021,10/11/2021,860,860,147,interactive,Function-based
Wikido,21/05/2022,08/10/2021,861,861,2277,software,zero tolerance
Tagfeed,14/05/2022,02/08/2021,862,862,387,knowledge user,responsive
Eidel,27/03/2022,07/05/2022,863,863,3929,product,system engine
Yozio,19/06/2021,25/11/2021,864,864,1402,benchmark,installation
Twinder,30/12/2021,20/02/2022,865,865,2583,solution-oriented,matrix
Agivu,29/11/2021,17/01/2022,866,866,2241,product,full-range
Devshare,08/04/2022,29/12/2021,867,867,1133,complexity,portal
Fanoodle,12/01/2022,28/07/2021,868,868,4087,Cloned,6th generation
Skilith,26/06/2021,02/03/2022,869,869,4608,discrete,project
Mydeo,23/09/2021,20/06/2021,870,870,4905,zero tolerance,tangible
Chatterpoint,23/01/2022,24/03/2022,871,871,4466,dedicated,grid-enabled
Youfeed,15/06/2021,20/07/2021,872,872,2257,regional,non-volatile
Quimba,01/04/2022,21/06/2021,873,873,1552,Re-contextualized,methodology
Zoomcast,26/05/2022,21/06/2021,874,874,700,User-centric,attitude
Linkbridge,16/09/2021,23/03/2022,875,875,330,synergy,demand-driven
Roomm,17/08/2021,25/09/2021,876,876,3295,instruction set,Visionary
Zoombeat,23/09/2021,18/08/2021,877,877,1573,analyzing,migration
Jabbertype,20/08/2021,14/01/2022,878,878,1542,knowledge base,intangible
Geba,13/05/2022,27/02/2022,879,879,1137,Ameliorated,scalable
Voomm,24/10/2021,11/06/2022,880,880,2083,Graphic Interface,Organic
Oyoyo,14/12/2021,21/12/2021,881,881,964,leading edge,application
Twitterworks,29/08/2021,30/07/2021,882,882,885,dynamic,Managed
Jaxspan,31/12/2021,06/05/2022,883,883,2186,implementation,productivity
Pixonyx,29/12/2021,24/10/2021,884,884,632,neutral,Right-sized
Feedmix,09/12/2021,07/06/2022,885,885,3254,transitional,budgetary management
Rhybox,18/01/2022,12/04/2022,886,886,3220,algorithm,Polarised
Teklist,17/08/2021,26/01/2022,887,887,4947,support,attitude-oriented
Kayveo,14/04/2022,10/04/2022,888,888,2915,hub,tertiary
Jabbertype,16/06/2021,28/12/2021,889,889,2496,dedicated,frame
Topicware,07/11/2021,08/04/2022,890,890,1916,Total,Persistent
Twitterlist,07/01/2022,15/03/2022,891,891,2434,Multi-tiered,archive
Thoughtworks,15/03/2022,04/01/2022,892,892,4026,process improvement,strategy
Nlounge,29/01/2022,11/07/2021,893,893,2010,interface,algorithm
Quimba,20/04/2022,04/04/2022,894,894,3077,asynchronous,Configurable
Thoughtworks,15/08/2021,27/09/2021,895,895,1722,intranet,Ameliorated
Blogtags,12/12/2021,14/10/2021,896,896,2795,Profit-focused,regional
Chatterpoint,17/04/2022,04/01/2022,897,897,2930,middleware,Multi-channelled
Innotype,19/07/2021,16/10/2021,898,898,3996,success,info-mediaries
Mydo,26/05/2022,16/05/2022,899,899,534,Face to face,Reduced
Camido,21/07/2021,13/03/2022,900,900,3955,emulation,collaboration
Eabox,02/03/2022,18/02/2022,901,901,1899,Up-sized,Innovative
Photospace,24/11/2021,02/02/2022,902,902,1367,collaboration,Self-enabling
Skaboo,09/11/2021,20/02/2022,903,903,4443,zero administration,human-resource
Topdrive,01/09/2021,14/03/2022,904,904,4125,capability,User-centric
Shufflebeat,18/05/2022,10/08/2021,905,905,3768,process improvement,time-frame
Avamba,05/09/2021,06/08/2021,906,906,2369,infrastructure,asymmetric
Dynabox,16/01/2022,30/10/2021,907,907,4398,user-facing,24 hour
Voonte,08/11/2021,29/10/2021,908,908,4131,methodology,challenge
Zoomcast,14/10/2021,20/07/2021,909,909,3062,knowledge base,content-based
Flipstorm,14/12/2021,29/04/2022,910,910,718,intermediate,budgetary management
Topicblab,12/07/2021,12/03/2022,911,911,3881,Progressive,Optional
Photobean,23/07/2021,13/09/2021,912,912,4285,fresh-thinking,focus group
Eabox,25/11/2021,23/06/2021,913,913,1282,customer loyalty,web-enabled
Twimm,16/07/2021,14/08/2021,914,914,1029,Customer-focused,interactive
Eidel,19/10/2021,23/05/2022,915,915,3232,methodology,clear-thinking
Flashspan,18/07/2021,13/09/2021,916,916,225,Customer-focused,Multi-channelled
Meemm,23/08/2021,23/11/2021,917,917,10,architecture,attitude-oriented
Photobean,09/08/2021,29/03/2022,918,918,4430,Synergized,Visionary
Quamba,11/07/2021,09/12/2021,919,919,481,Diverse,Automated
Devbug,04/09/2021,25/02/2022,920,920,1368,secondary,Re-engineered
Meeveo,15/06/2021,06/12/2021,921,921,1269,Profound,Total
Zooxo,21/12/2021,08/09/2021,922,922,1178,function,Digitized
Shufflester,05/04/2022,19/01/2022,923,923,2168,workforce,5th generation
Twitternation,11/09/2021,09/08/2021,924,924,3242,pricing structure,analyzer
Fanoodle,01/03/2022,30/08/2021,925,925,2192,motivating,groupware
Fadeo,30/04/2022,01/10/2021,926,926,2783,system-worthy,Innovative
Wordware,30/08/2021,11/10/2021,927,927,3270,demand-driven,contingency
Youspan,27/01/2022,23/02/2022,928,928,2329,impactful,Graphical User Interface
Zoovu,07/04/2022,08/06/2022,929,929,4639,knowledge user,Multi-tiered
Dazzlesphere,27/10/2021,24/02/2022,930,930,4322,Centralized,task-force
Meedoo,15/01/2022,11/01/2022,931,931,3388,zero administration,contextually-based
Plambee,11/06/2022,26/11/2021,932,932,56,real-time,internet solution
Abata,26/12/2021,27/07/2021,933,933,725,Self-enabling,hardware
Skilith,29/05/2022,29/01/2022,934,934,3574,Optional,access
Feedfish,24/11/2021,25/04/2022,935,935,2371,background,Streamlined
Twitternation,11/06/2022,23/08/2021,936,936,2012,contingency,next generation
Dynabox,28/12/2021,24/03/2022,937,937,4183,Digitized,framework
Bluejam,17/09/2021,24/06/2021,938,938,135,Optional,Fundamental
Shufflester,10/09/2021,30/10/2021,939,939,3489,complexity,data-warehouse
Feedbug,24/04/2022,08/05/2022,940,940,3390,motivating,Organized
Thoughtmix,25/06/2021,29/05/2022,941,941,3759,discrete,Digitized
Jamia,26/11/2021,14/04/2022,942,942,1156,Team-oriented,holistic
Latz,19/11/2021,13/05/2022,943,943,1465,User-friendly,clear-thinking
Centimia,18/01/2022,03/08/2021,944,944,4350,intranet,Optimized
Realblab,31/01/2022,17/03/2022,945,945,2296,24 hour,even-keeled
Jayo,29/05/2022,20/04/2022,946,946,3240,Phased,Quality-focused
Realfire,01/09/2021,13/09/2021,947,947,1196,value-added,interface
Oyoba,29/01/2022,24/06/2021,948,948,1519,Phased,customer loyalty
Browsezoom,12/08/2021,29/08/2021,949,949,4334,multi-tasking,Multi-lateral
Demivee,30/07/2021,25/06/2021,950,950,4655,software,bifurcated
Zoovu,20/10/2021,26/12/2021,951,951,1565,Monitored,matrix
Jaxbean,27/02/2022,09/06/2022,952,952,1382,Upgradable,Reduced
Quatz,28/07/2021,10/02/2022,953,953,2060,Triple-buffered,needs-based
Jaxworks,07/01/2022,16/10/2021,954,954,4343,system engine,throughput
Thoughtstorm,11/07/2021,30/09/2021,955,955,3223,Operative,bifurcated
Dabjam,21/05/2022,15/12/2021,956,956,4289,Visionary,Versatile
JumpXS,17/11/2021,08/10/2021,957,957,917,Digitized,ability
Eabox,15/01/2022,24/03/2022,958,958,3731,content-based,Stand-alone
Meetz,03/11/2021,25/07/2021,959,959,721,logistical,background
Yakijo,02/10/2021,10/06/2022,960,960,3982,Cross-platform,Future-proofed
Photobean,29/05/2022,22/09/2021,961,961,4249,alliance,bi-directional
Skyba,24/05/2022,20/12/2021,962,962,2768,groupware,middleware
Realblab,07/02/2022,09/06/2022,963,963,3068,Vision-oriented,6th generation
Dablist,05/09/2021,21/06/2021,964,964,1318,Synergized,Grass-roots
Flashset,22/01/2022,19/05/2022,965,965,1605,Switchable,value-added
Shufflester,13/09/2021,02/02/2022,966,966,1804,knowledge user,Cross-group
Realfire,25/07/2021,07/11/2021,967,967,372,approach,tangible
Aimbo,17/12/2021,22/08/2021,968,968,2764,Switchable,conglomeration
Centizu,15/01/2022,01/02/2022,969,969,4463,infrastructure,framework
Tagopia,02/08/2021,16/07/2021,970,970,924,24 hour,orchestration
Voomm,02/12/2021,01/11/2021,971,971,3087,Innovative,impactful
Kwinu,10/07/2021,04/05/2022,972,972,4733,portal,definition
Edgeify,20/03/2022,09/07/2021,973,973,4526,logistical,radical
Quinu,13/12/2021,01/01/2022,974,974,2360,Polarised,Universal
Browsetype,31/05/2022,13/07/2021,975,975,2192,moratorium,Organized
Dabvine,13/03/2022,04/11/2021,976,976,3007,firmware,Expanded
Blogtags,12/10/2021,23/09/2021,977,977,4686,clear-thinking,algorithm
Photofeed,06/05/2022,22/10/2021,978,978,3102,firmware,tertiary
Kanoodle,08/12/2021,30/09/2021,979,979,4607,asymmetric,time-frame
Digitube,06/03/2022,11/12/2021,980,980,4221,24/7,Sharable
Thoughtblab,03/03/2022,30/04/2022,981,981,2440,contextually-based,analyzing
Flashset,24/10/2021,09/01/2022,982,982,1023,static,capability
Podcat,20/12/2021,10/06/2022,983,983,3543,Vision-oriented,optimal
Thoughtmix,09/07/2021,06/06/2022,984,984,2326,User-friendly,help-desk
Dynabox,28/03/2022,05/08/2021,985,985,910,concept,productivity
Trudeo,20/07/2021,11/02/2022,986,986,3129,empowering,modular
Skalith,08/05/2022,26/08/2021,987,987,4887,static,structure
Skilith,27/07/2021,21/10/2021,988,988,101,Synchronised,Cross-group
Edgetag,07/05/2022,07/11/2021,989,989,1196,system engine,Object-based
Skilith,17/09/2021,25/12/2021,990,990,2908,Managed,maximized
Trilith,27/01/2022,15/06/2021,991,991,4197,Reverse-engineered,executive
Yadel,21/07/2021,12/02/2022,992,992,821,ability,well-modulated
Gabvine,20/12/2021,14/12/2021,993,993,1909,fresh-thinking,Synergized
Viva,21/02/2022,06/04/2022,994,994,4655,next generation,array
Wordpedia,30/05/2022,27/03/2022,995,995,2771,3rd generation,dynamic
Thoughtbeat,05/02/2022,17/11/2021,996,996,1232,Multi-lateral,Triple-buffered
Realmix,31/07/2021,10/08/2021,997,997,3069,explicit,synergy
Skinder,07/06/2022,12/03/2022,998,998,3250,Profound,directional
Browseblab,25/08/2021,09/03/2022,999,999,3664,modular,hardware
Quatz,17/03/2022,29/07/2021,1000,1000,4428,Cloned,bi-directional
