name,tax_no,start_date,end_date,created_by,updated_by
Asteraceae,ieyhnovwaztbdqusmjr,10/08/2021,26/11/2021,1,1
Myrtaceae,awfspgbtnzyvelhrui,21/04/2022,19/01/2022,2,2
Asteraceae,oilthxfecbduwr,05/03/2022,19/11/2021,3,3
Oleaceae,fignzwcxhrl,05/12/2021,06/03/2022,4,4
Lythraceae,bknzsfuaihwpv,01/04/2022,05/08/2021,5,5
Pannariaceae,xlemijazsfdhrnq,25/12/2021,23/12/2021,6,6
Caprifoliaceae,yuzxtveicplkhdm,14/08/2021,22/03/2022,7,7
Rubiaceae,xqmtcygiworvknsu,22/11/2021,01/03/2022,8,8
Polygonaceae,mqgcypzuditsx,20/08/2021,08/08/2021,9,9
Polemoniaceae,xofgawjcsqlut,31/03/2022,24/09/2021,10,10
Asteraceae,dyvhipxkgjunrmfswt,14/09/2021,17/08/2021,11,11
Fabaceae,gdcjieraks,29/04/2022,29/12/2021,12,12
Asteraceae,kdyraolqmstpbnze,11/07/2021,28/06/2021,13,13
Blechnaceae,bploztxave,17/01/2022,29/05/2022,14,14
Arthopyreniaceae,akmxzcvphte,04/01/2022,11/12/2021,15,15
Solanaceae,xfroaehtvjk,14/09/2021,02/04/2022,16,16
Liliaceae,cmyqsejfxoapwthlkrg,18/10/2021,13/09/2021,17,17
Lamiaceae,tvsmnhydcfuerxw,01/08/2021,27/07/2021,18,18
Lamiaceae,ozeabtjcklmunfwsr,21/09/2021,26/07/2021,19,19
Lamiaceae,lgxscpyvuzatqefirh,30/07/2021,13/07/2021,20,20
Juncaceae,wjafqrmzpkshiexl,16/01/2022,01/09/2021,21,21
Ranunculaceae,kgyjlzawmipxcebrh,08/07/2021,18/04/2022,22,22
Rimulariaceae,wcvxelgofziaynmrktq,31/01/2022,14/02/2022,23,23
Fabaceae,mhodbxezjfwn,23/02/2022,23/12/2021,24,24
Asteraceae,qblspiyvwxfnkzu,15/08/2021,13/10/2021,25,25
Dryopteridaceae,ztomeacdwxnypliuv,27/08/2021,25/03/2022,26,26
Rosaceae,mywukiahxtzobsgrc,01/09/2021,07/08/2021,27,27
Dryopteridaceae,uzxfmaictlgdoybrw,22/01/2022,16/03/2022,28,28
Asteraceae,stdzxfhlkemjnqogwb,21/01/2022,27/05/2022,29,29
Orchidaceae,xaftwbkcdvnzuqgpjsie,18/10/2021,15/06/2021,30,30
Fabaceae,cairbmqgnjsyhw,12/04/2022,04/09/2021,31,31
Polemoniaceae,anxvcoigqkf,29/12/2021,13/06/2021,32,32
Liliaceae,frqoypjvhstmdic,19/06/2021,12/12/2021,33,33
Arecaceae,xpghjalrzn,14/05/2022,09/05/2022,34,34
Violaceae,vlqgxsaydicubrhomtk,30/09/2021,11/06/2022,35,35
Liliaceae,tvyhgcwuflpn,27/05/2022,20/01/2022,36,36
Asteraceae,azgmvsdtnlupjirbkefc,28/03/2022,17/06/2021,37,37
Parmeliaceae,oktmayvlhcdrsbgxp,21/12/2021,27/07/2021,38,38
Liliaceae,fxrwgazpyqosnimcuh,11/01/2022,20/12/2021,39,39
Boraginaceae,nymkcsfxpvhugei,10/10/2021,11/03/2022,40,40
Ericaceae,lcgwetuyhdrmafxvjkp,31/05/2022,09/06/2022,41,41
Rosaceae,ltfyapqrjcbuo,14/08/2021,04/07/2021,42,42
Asteraceae,ozybpxcswhiran,01/08/2021,15/05/2022,43,43
Scrophulariaceae,manuqcvrdtfkbgho,18/02/2022,05/02/2022,44,44
Aquifoliaceae,dobepcaqmvyjzfkirsgl,05/07/2021,16/01/2022,45,45
Pyrenulaceae,pedrmjohbxikyvsa,27/12/2021,22/07/2021,46,46
Asteraceae,zgradfwjtbvmlkihye,13/05/2022,06/04/2022,47,47
Erpodiaceae,lnhtjcyexqrviwambf,26/03/2022,07/05/2022,48,48
Asteraceae,wubkvfatmzghqx,16/09/2021,16/05/2022,49,49
Nymphaeaceae,zpaoeubhrswn,21/05/2022,30/09/2021,50,50
Malvaceae,mtiydbkzsjguopfwvcqn,23/03/2022,29/10/2021,51,51
Poaceae,hldrcufpnk,08/08/2021,09/10/2021,52,52
Sapindaceae,ulqvcmjskheadt,14/12/2021,12/09/2021,53,53
Fabaceae,iewpzbvxdrkotmcnhg,29/06/2021,13/07/2021,54,54
Cyperaceae,ypasbjfonrzhcwketu,24/03/2022,22/01/2022,55,55
Sphagnaceae,uyxsdnkizw,14/02/2022,03/08/2021,56,56
Campanulaceae,horymqvsclai,04/06/2022,14/01/2022,57,57
Loasaceae,xhmvynquiewdbkgp,26/10/2021,08/12/2021,58,58
Verbenaceae,wcvoienbxsapjlqkgdmr,09/02/2022,11/07/2021,59,59
Dryopteridaceae,skcxzjqwhnoy,28/08/2021,12/06/2021,60,60
Marantaceae,tldfgurmspzwevqjahni,16/05/2022,10/06/2022,61,61
Cactaceae,nslwvjbpxdzma,06/08/2021,26/07/2021,62,62
Zygophyllaceae,zjnesgpovbkcwtl,02/09/2021,03/07/2021,63,63
Cactaceae,athmujnpkcebxifqydwv,24/12/2021,08/12/2021,64,64
Rhizophoraceae,ejuknfxdlmwcahtzp,19/10/2021,06/06/2022,65,65
Polemoniaceae,lxrohbmesvuzatjwni,14/12/2021,25/08/2021,66,66
Boraginaceae,naiygmovzqstweld,11/01/2022,16/05/2022,67,67
Cistaceae,doqjslzywte,15/12/2021,26/03/2022,68,68
Verbenaceae,fivgbcyzodhselut,17/03/2022,21/02/2022,69,69
Cactaceae,vndzejypxbtgishuowm,04/04/2022,17/10/2021,70,70
Scrophulariaceae,ihqxcojyulvfgwm,19/04/2022,31/01/2022,71,71
Polygonaceae,byianpxjewzd,14/06/2021,27/11/2021,72,72
Scrophulariaceae,bhckuezodjwyvrgl,17/07/2021,09/12/2021,73,73
Gnetaceae,yzmjdwfeqh,25/06/2021,12/09/2021,74,74
Juncaceae,okynaqrhzvx,05/12/2021,29/04/2022,75,75
Poaceae,bzjvluwpeyidtonq,31/05/2022,02/11/2021,76,76
Ericaceae,azionjpqvxrscmdgkhu,18/04/2022,23/04/2022,77,77
Fabaceae,uthrivzcofd,09/09/2021,12/04/2022,78,78
Asteraceae,rfmaqiegdluypwhtjbk,02/10/2021,28/10/2021,79,79
Nyctaginaceae,suvqheaxgbonptfjy,15/01/2022,25/10/2021,80,80
Papaveraceae,hjtnasbkwfu,18/01/2022,07/06/2022,81,81
Poaceae,ngsxzritdcqfywhvuoap,24/07/2021,15/10/2021,82,82
Fabaceae,pejctwkzfunlivgqs,22/12/2021,04/12/2021,83,83
Sphagnaceae,rlpihwemktcfujzy,30/12/2021,18/04/2022,84,84
Asteraceae,ajrwupokqtxbsdycin,03/06/2022,30/01/2022,85,85
Portulacaceae,vjerstmpubxw,24/04/2022,20/10/2021,86,86
Eremolepidaceae,tcbdsgvflonjueyqph,17/01/2022,08/06/2022,87,87
Urticaceae,wklceazmfotsvbyqpdx,18/05/2022,29/09/2021,88,88
Juglandaceae,bqnfhekuywtpivojgsm,15/04/2022,22/01/2022,89,89
Caprifoliaceae,jneitolxgwcydpszuf,17/01/2022,04/01/2022,90,90
Primulaceae,svhxugjwep,26/04/2022,10/08/2021,91,91
Poaceae,hidfubastpxcqjknmz,24/11/2021,10/01/2022,92,92
Asteraceae,aztysdeoglnihpqkcvw,21/12/2021,02/01/2022,93,93
Geraniaceae,dbzvuqfpsjmtykhiw,20/12/2021,01/02/2022,94,94
Saxifragaceae,vphxlendjyszgm,21/09/2021,07/10/2021,95,95
Rosaceae,becxianolhkjwzm,17/12/2021,01/12/2021,96,96
Trypetheliaceae,cimfekwbpgjus,05/08/2021,12/08/2021,97,97
Ranunculaceae,mcsdvnlhexqubygotrwa,03/08/2021,18/03/2022,98,98
Pteridaceae,xwcgdjzpmhyf,01/11/2021,17/04/2022,99,99
Cyperaceae,fndtkhmwrolcpqibjua,18/06/2021,08/03/2022,100,100
Juncaceae,bdojvuspexkwmiz,27/01/2022,21/12/2021,101,101
Smilacaceae,snwmtghefduv,16/01/2022,16/11/2021,102,102
Onagraceae,mflicaxeujobsdnzghkt,16/11/2021,05/02/2022,103,103
Asteraceae,juqzyfmbng,28/09/2021,19/09/2021,104,104
Pteridaceae,sygafwxbuirntphkqvl,28/08/2021,08/09/2021,105,105
Crassulaceae,vorsnwaqfckhpxiu,04/06/2022,18/09/2021,106,106
Asteraceae,pyarfvelobz,07/11/2021,15/09/2021,107,107
Poaceae,kwxfnbdvgojlhzatcsiy,30/08/2021,21/01/2022,108,108
Nyctaginaceae,dblkgcrtfupehsqj,30/08/2021,15/10/2021,109,109
Cyperaceae,qudlfctyxgeshmz,01/07/2021,16/10/2021,110,110
Dryopteridaceae,owcijtdxyzgkpuv,02/06/2022,23/07/2021,111,111
Papaveraceae,ptemgnwlqicvksodbru,11/11/2021,04/07/2021,112,112
Pteridaceae,tncejgusoqf,22/03/2022,11/02/2022,113,113
Fagaceae,vnbydgreuqaxlp,14/12/2021,02/02/2022,114,114
Fagaceae,pvigathuycrx,27/02/2022,02/06/2022,115,115
Malvaceae,cedqzvjnrlfxpt,25/04/2022,03/06/2022,116,116
Cyperaceae,yeodmrzgvk,15/07/2021,03/01/2022,117,117
Liliaceae,rtuheyvzlnjoqxa,26/12/2021,19/07/2021,118,118
Asteraceae,pelnxwyrbqhjosm,29/04/2022,09/02/2022,119,119
Poaceae,hnyktixjbdgoz,10/07/2021,20/04/2022,120,120
Campanulaceae,tjkcqfpuwl,30/08/2021,05/03/2022,121,121
Fabaceae,yospzdtwcvlqfku,15/12/2021,30/08/2021,122,122
Grimmiaceae,eihvztscjr,19/11/2021,15/02/2022,123,123
Opegraphaceae,axelgcwjfryobpkz,27/02/2022,01/04/2022,124,124
Onagraceae,xrkoayzpqc,01/08/2021,06/12/2021,125,125
Rosaceae,tdbgszxhpqnmofcyejl,18/05/2022,15/11/2021,126,126
Scrophulariaceae,rdujwxmgvtsqihk,22/05/2022,24/07/2021,127,127
Acanthaceae,xhfsrdcinmuqjgoyb,27/06/2021,27/06/2021,128,128
Fabaceae,pqbolkgzwnjxad,10/05/2022,29/12/2021,129,129
Brassicaceae,soxhnmuzyikgbdc,09/05/2022,12/01/2022,130,130
Asteraceae,otacuhsiybldxmrqenw,27/06/2021,25/07/2021,131,131
Juglandaceae,aokpfunwry,26/11/2021,23/01/2022,132,132
Ericaceae,pnwoivdsuexthj,28/07/2021,02/11/2021,133,133
Asteraceae,ptcnvwzuhyxsioralj,29/01/2022,12/07/2021,134,134
Asteraceae,dkoqfciwlxjugybrntzm,22/10/2021,21/07/2021,135,135
Malvaceae,burnvawgokj,31/07/2021,14/10/2021,136,136
Lamiaceae,limsakxdhtevou,14/09/2021,03/01/2022,137,137
Rhamnaceae,fogmjkprwycdqtah,21/11/2021,06/02/2022,138,138
Polygonaceae,thnxmfesoa,05/03/2022,31/08/2021,139,139
Gigaspermaceae,shnkoyievzpcfgl,22/08/2021,27/03/2022,140,140
Ranunculaceae,ohaujqmtkznwcbdis,02/06/2022,05/04/2022,141,141
Apiaceae,gleyovduhjsbxn,16/10/2021,17/03/2022,142,142
Cladoniaceae,wyhtsricejuvdzbakxp,06/12/2021,11/03/2022,143,143
Asteraceae,xydfrlkzvpsgetu,16/08/2021,02/07/2021,144,144
Fabaceae,gwhklbeozqaj,07/11/2021,12/03/2022,145,145
Cyperaceae,wvigjbhkaxter,18/10/2021,19/05/2022,146,146
Teloschistaceae,ckjlbzqfdw,16/09/2021,17/10/2021,147,147
Rosaceae,nrgholmiqzuc,04/07/2021,21/12/2021,148,148
Poaceae,fovwcyzktphq,29/05/2022,20/02/2022,149,149
Asteraceae,gtcazonpukijmv,13/10/2021,05/05/2022,150,150
Fuscideaceae,fzvoniyugx,29/03/2022,07/05/2022,151,151
Asteraceae,obhjysktzlpvdmfw,28/01/2022,16/12/2021,152,152
Malpighiaceae,vlqoaiengfctzmrjuy,18/05/2022,09/10/2021,153,153
Fabaceae,upvwbtsjganxkdohmr,14/09/2021,13/07/2021,154,154
Mycocaliciaceae,ouerbaitjqsgychzfkx,07/06/2022,01/01/2022,155,155
Oxalidaceae,ufnwcjedomrlkysvati,25/12/2021,11/07/2021,156,156
Ochnaceae,wathbgopnvlfujs,31/01/2022,10/07/2021,157,157
Melastomataceae,lycipevnxaqwkjhm,03/08/2021,29/07/2021,158,158
Hydrophyllaceae,pheqcstuxfnv,23/09/2021,11/09/2021,159,159
Asteraceae,bjmingycvxkafop,17/02/2022,20/04/2022,160,160
Cyperaceae,kwrzjuvxpehgml,25/03/2022,23/08/2021,161,161
Fissidentaceae,jeptgwzkqrxynahfsm,22/11/2021,11/03/2022,162,162
Rosaceae,yftcuvoehnmdxirp,13/06/2021,28/09/2021,163,163
Asteraceae,qxudsphcri,13/06/2021,08/01/2022,164,164
Rubiaceae,uacrljiptqengkvyd,14/12/2021,14/12/2021,165,165
Asteraceae,qyuahkgswirvo,06/07/2021,10/11/2021,166,166
Poaceae,uxlektmfbqniwcphzsrj,12/07/2021,03/06/2022,167,167
Violaceae,gkrzdetchowfiva,19/10/2021,13/05/2022,168,168
Polytrichaceae,dluicwfgozsmapkxe,21/02/2022,08/05/2022,169,169
Boraginaceae,hlujtcovaf,24/05/2022,26/07/2021,170,170
Cactaceae,gyxhmnefovw,26/02/2022,06/04/2022,171,171
Poaceae,sjuxlohmqedwc,08/10/2021,13/02/2022,172,172
Lauraceae,kydjvhlzbafig,08/02/2022,18/03/2022,173,173
Geraniaceae,texromklfb,01/04/2022,01/02/2022,174,174
Poaceae,prodvcemxw,17/08/2021,13/08/2021,175,175
Rosaceae,eaoqicgjnuthzmkwr,09/01/2022,13/07/2021,176,176
Cyperaceae,piafnqvhdrcklu,21/12/2021,19/01/2022,177,177
Liliaceae,nglkysoxcvrzfbd,16/01/2022,24/08/2021,178,178
Gentianaceae,bmzfdilqxcrvyheuak,17/07/2021,07/04/2022,179,179
Lamiaceae,hdxyoscaiejq,21/04/2022,27/12/2021,180,180
Campanulaceae,ewadbhljqyprxciftn,17/08/2021,26/01/2022,181,181
Malvaceae,ckazyifpgnewmjdslqvr,24/08/2021,14/02/2022,182,182
Bacidiaceae,fqloigapjvdkmztcbn,01/01/2022,29/11/2021,183,183
Boraginaceae,olewgbfdmvcink,30/06/2021,30/05/2022,184,184
Cyperaceae,pwvmiuqxrelgoazhd,24/02/2022,07/06/2022,185,185
Bryaceae,umyraocdfvp,17/09/2021,11/12/2021,186,186
Urticaceae,wjondlkxtahy,16/10/2021,08/12/2021,187,187
Asteraceae,qmzcshilfrabvyeo,18/03/2022,27/05/2022,188,188
Pittosporaceae,pcehlokywmqfb,15/10/2021,22/03/2022,189,189
Myrtaceae,jqhlcfdesi,03/07/2021,14/09/2021,190,190
Asteraceae,ioxuwydvfkhejrba,05/01/2022,03/06/2022,191,191
Lycopodiaceae,rnbgysctxmiwlfked,26/04/2022,26/09/2021,192,192
Hypnaceae,jeahsolivkx,14/04/2022,25/02/2022,193,193
Grossulariaceae,hpgumwxjecviyakobzqf,07/05/2022,09/08/2021,194,194
Scrophulariaceae,pnayucbgfmtwej,16/05/2022,23/09/2021,195,195
Cupressaceae,khljqwtdbfr,08/01/2022,30/11/2021,196,196
Annonaceae,slporckvwgxnjhuat,06/06/2022,06/03/2022,197,197
Juncaceae,ydxicfsqrupzkohwbe,26/06/2021,30/03/2022,198,198
Cuscutaceae,hzybauvotd,12/08/2021,18/10/2021,199,199
Cyperaceae,boczrydetvaqsjgl,22/08/2021,09/02/2022,200,200
Fagaceae,vbdieoctjxlkfszghr,16/07/2021,21/08/2021,201,201
Rubiaceae,bonuipcvrs,09/02/2022,10/03/2022,202,202
Apiaceae,njysqozhkawt,04/04/2022,10/03/2022,203,203
Asteraceae,gmpaetjhrqnl,16/04/2022,28/03/2022,204,204
Polygonaceae,aoyveftkgmwhcnsxu,22/07/2021,20/03/2022,205,205
Caryophyllaceae,vbgmijhcsfwdy,05/01/2022,05/11/2021,206,206
Liliaceae,crwnmkupsvg,27/11/2021,09/10/2021,207,207
Lauraceae,nsikdcujqxwrbgfmypzo,20/10/2021,27/09/2021,208,208
Scrophulariaceae,nuorlgbyxctewikfzh,11/03/2022,23/11/2021,209,209
Myrtaceae,wluvoyqpgkfsadn,10/02/2022,15/09/2021,210,210
Pannariaceae,whrsmbkqdvfng,04/09/2021,02/12/2021,211,211
Myrtaceae,yszbxqpuwjrhgo,15/11/2021,01/04/2022,212,212
Rosaceae,shoecwmypgjq,18/03/2022,22/12/2021,213,213
Salicaceae,jogivckerwd,03/07/2021,26/01/2022,214,214
Salicaceae,yjslrpdaqowvbmn,22/06/2021,28/06/2021,215,215
Scrophulariaceae,crwfuxotkjy,22/12/2021,28/12/2021,216,216
Polemoniaceae,amsiydeznc,01/10/2021,28/11/2021,217,217
Polemoniaceae,ydaijpcxvk,04/04/2022,05/08/2021,218,218
Aulacomniaceae,lcemfbpvziugrhsto,17/08/2021,30/09/2021,219,219
Malvaceae,spfqjkntwi,27/11/2021,22/11/2021,220,220
Rhamnaceae,hzugjtibpd,10/01/2022,11/11/2021,221,221
Poaceae,fvskgmritjblcnuzxpha,11/11/2021,20/03/2022,222,222
Rosaceae,klftnmzuwdpbay,21/03/2022,29/12/2021,223,223
Smilacaceae,iqbxnzcywad,18/04/2022,11/03/2022,224,224
Malvaceae,rtijfqaukezyhd,07/10/2021,10/03/2022,225,225
Portulacaceae,kfxnwoblshtzjmqia,16/06/2021,02/08/2021,226,226
Apocynaceae,lcqpeowisrn,24/10/2021,27/12/2021,227,227
Brassicaceae,fdjqtapwieovu,31/05/2022,26/12/2021,228,228
Urticaceae,ksojwrxybnuicpteg,24/11/2021,23/03/2022,229,229
Cyperaceae,inbytdvmrhpluqzgsej,10/03/2022,25/11/2021,230,230
Asteraceae,qivumtlbscnd,23/08/2021,26/03/2022,231,231
Fabaceae,jyepbqcsvlnrztg,13/02/2022,13/04/2022,232,232
Polemoniaceae,pdhxglocmvqiskfyjewb,13/03/2022,24/10/2021,233,233
Bryaceae,tmrgclzkqyfsnujpo,25/03/2022,23/11/2021,234,234
Asteraceae,sujyvotfxczaedhmr,22/10/2021,18/11/2021,235,235
Poaceae,pqzkmovyresfluji,09/07/2021,20/09/2021,236,236
Convolvulaceae,bonwadsrehzcuyvqmgl,09/01/2022,16/04/2022,237,237
Boraginaceae,ekdfosihltjx,28/09/2021,16/08/2021,238,238
Stereocaulaceae,oxabmqnsfv,20/04/2022,22/06/2021,239,239
Solanaceae,taznvolgecxq,08/10/2021,24/12/2021,240,240
Sarraceniaceae,otygfiewkzuljcp,07/11/2021,13/10/2021,241,241
Fabaceae,romhltvizbfpsx,29/10/2021,21/09/2021,242,242
Fabaceae,dnwcyzrjhufl,05/06/2022,19/11/2021,243,243
Bacidiaceae,duckoxirwmal,21/05/2022,14/01/2022,244,244
Poaceae,igwyfuevolcnmxqbrtsa,24/06/2021,24/12/2021,245,245
Equisetaceae,sanczdqokvbxuphmwy,05/03/2022,22/09/2021,246,246
Smilacaceae,vmytoeqszlpa,19/01/2022,03/05/2022,247,247
Polemoniaceae,aymlgxkcvpntueqf,30/12/2021,01/11/2021,248,248
Scrophulariaceae,hkjruabwtqlxnmpsvog,15/09/2021,29/01/2022,249,249
Scrophulariaceae,vhzbxngcrslidqtw,27/04/2022,12/09/2021,250,250
Polygonaceae,ceqkjwiuls,06/06/2022,04/11/2021,251,251
Rosaceae,nsporguhtxw,16/09/2021,09/01/2022,252,252
Euphorbiaceae,gzjencokxups,18/11/2021,05/07/2021,253,253
Liliaceae,dajlopmgkshwcibzfu,12/08/2021,05/03/2022,254,254
Bignoniaceae,lceqwhpztyf,24/05/2022,19/07/2021,255,255
Physciaceae,vzujhrbswdaeqplnyom,25/08/2021,23/09/2021,256,256
Fabaceae,axudtbsohqjz,14/06/2021,15/08/2021,257,257
Aspleniaceae,norvzdluqsxjg,24/05/2022,18/02/2022,258,258
Sterculiaceae,owyzstrmhkeqpcjf,17/06/2021,25/12/2021,259,259
Asteraceae,gucafqzvpm,12/01/2022,17/09/2021,260,260
Cornaceae,nxtbzhvqgmysidcrwfua,03/12/2021,05/07/2021,261,261
Passifloraceae,vkzhngcbywjuafom,01/06/2022,25/09/2021,262,262
Ranunculaceae,cauwhilzkbmerndt,18/06/2021,07/08/2021,263,263
Fabaceae,bwseofpgtz,24/12/2021,03/05/2022,264,264
Valerianaceae,qvycxutirnsalkp,10/01/2022,28/01/2022,265,265
Poaceae,gvunbqkjye,20/05/2022,31/05/2022,266,266
Scrophulariaceae,evfdymzlsxkjrw,25/07/2021,04/12/2021,267,267
Physciaceae,bnloasmgkphqefzdiv,16/12/2021,14/07/2021,268,268
Ranunculaceae,etspcjfudgv,29/05/2022,22/11/2021,269,269
Lamiaceae,drovqlckwmuszh,30/01/2022,28/11/2021,270,270
Fabaceae,yknwisjmroupqcatgde,11/08/2021,27/06/2021,271,271
Hippocastanaceae,imgnbrwoluytc,21/03/2022,30/05/2022,272,272
Rhizocarpaceae,iuxkagqyjmdbowzrfh,15/04/2022,08/03/2022,273,273
Aspleniaceae,nszduxoqbtkgcfpviha,27/04/2022,14/01/2022,274,274
Myrtaceae,qvtbeufinldhrzxc,24/05/2022,24/03/2022,275,275
Rutaceae,pqtnkmsdyvufclijgrh,02/07/2021,20/04/2022,276,276
Cactaceae,pejuthfbnywvgiqxmsdl,23/04/2022,22/09/2021,277,277
Myrtaceae,jdbktrualchfyqgezon,23/02/2022,04/05/2022,278,278
Fabaceae,pnystfwoikgduzjbce,31/07/2021,31/08/2021,279,279
Poaceae,pjyfnuaormthdbgicxw,11/09/2021,25/10/2021,280,280
Portulacaceae,oqgrzbdanu,16/04/2022,26/09/2021,281,281
Geraniaceae,gqxdyojekaht,23/02/2022,03/10/2021,282,282
Arthoniaceae,xdlmnfecszoikhv,02/08/2021,12/09/2021,283,283
Euphorbiaceae,goxctpdzaejnqyhsm,16/02/2022,07/08/2021,284,284
Malvaceae,pdyxmkbjnqzo,21/05/2022,28/11/2021,285,285
Scrophulariaceae,bwkonyvfshdceijprz,07/01/2022,01/01/2022,286,286
Dicranaceae,aiymwvhsckbnxr,02/09/2021,15/12/2021,287,287
Zygophyllaceae,flwnvgmyshiuexjdtkb,15/10/2021,14/02/2022,288,288
Rhizocarpaceae,azpuyvcdmefqxhjkolsn,04/03/2022,19/08/2021,289,289
Lecanoraceae,iwyvagptldu,14/02/2022,31/05/2022,290,290
Fabaceae,bzrlkqnshedimcwt,17/12/2021,12/06/2021,291,291
Apiaceae,haeskopimxtrnlbg,11/01/2022,31/01/2022,292,292
Grammitidaceae,xurbynevwg,03/10/2021,08/09/2021,293,293
Bromeliaceae,dqfxhitjevcomk,08/06/2022,05/08/2021,294,294
Acanthaceae,tjrysqfxumalhez,07/01/2022,18/05/2022,295,295
Parmeliaceae,sbtjkveqwalgcfom,13/03/2022,09/02/2022,296,296
Asteraceae,pfevctlkqrsahb,02/07/2021,31/10/2021,297,297
Rhamnaceae,uzqmybhvilfes,30/04/2022,15/03/2022,298,298
Apiaceae,qrhpgiljecnuyw,03/03/2022,16/07/2021,299,299
Fabaceae,lrgzsmyvpbwfo,28/01/2022,30/11/2021,300,300
Lycopodiaceae,jcyxdfpwlhmuztsoabv,22/11/2021,05/07/2021,301,301
Poaceae,iesmqnfgvk,29/03/2022,31/03/2022,302,302
Bignoniaceae,bxfilstzjydvm,07/04/2022,09/11/2021,303,303
Acanthaceae,dlqnifbpstmroajhue,29/07/2021,31/08/2021,304,304
Salicaceae,nwihjbqcauerdvzgtm,21/05/2022,15/12/2021,305,305
Peltulaceae,oinrbtvkpfyjg,01/05/2022,31/05/2022,306,306
Mayacaceae,ditxnamvlsqwjopyg,01/06/2022,25/09/2021,307,307
Hippuridaceae,bpstlkfnux,11/11/2021,10/07/2021,308,308
Rosaceae,gmlbyjszuq,11/08/2021,27/08/2021,309,309
Hymenophyllaceae,rwtkpvdozqnfgjlyamh,02/11/2021,03/06/2022,310,310
Boraginaceae,wjhdrepgxkbfy,24/04/2022,23/02/2022,311,311
Rubiaceae,bvornptzgwseqchluy,10/06/2022,01/09/2021,312,312
Chenopodiaceae,wdjgbheirzqmkvt,12/11/2021,04/02/2022,313,313
Asteraceae,jlbxthqckmgav,07/06/2022,12/09/2021,314,314
Lecideaceae,irxeqlwcynmtofjpvsd,22/01/2022,08/06/2022,315,315
Leskeaceae,eodnmzyarvqultgp,21/11/2021,01/11/2021,316,316
Ranunculaceae,xnsrabcvewjfdt,16/05/2022,04/10/2021,317,317
Loasaceae,litrwpuybmjofvazs,14/01/2022,19/01/2022,318,318
Scrophulariaceae,ydtfekrahuc,27/06/2021,30/06/2021,319,319
Asteraceae,miwanelkutxyjdhfszgv,25/05/2022,05/10/2021,320,320
Fabaceae,tvegzcaqhyouwkdjflbn,09/05/2022,06/08/2021,321,321
Pertusariaceae,lwigyzhfekvnudmpqcjb,28/04/2022,22/03/2022,322,322
Celastraceae,nebjzsxifdaqgrywupmc,27/11/2021,21/03/2022,323,323
Cyperaceae,etuiloydwmf,01/07/2021,18/09/2021,324,324
Liliaceae,tgqswnbojdufyplr,19/10/2021,06/08/2021,325,325
Euphorbiaceae,ivoqmaufwbpcsx,18/09/2021,22/04/2022,326,326
Brassicaceae,bvcpofealuk,24/05/2022,31/07/2021,327,327
Fabaceae,wodzitlxyr,16/02/2022,19/11/2021,328,328
Grammitidaceae,cuqhjsexrlypo,29/07/2021,28/12/2021,329,329
Brassicaceae,ukdivxzpcfg,23/09/2021,21/02/2022,330,330
Passifloraceae,pjghfrdmywqcv,13/06/2021,09/08/2021,331,331
Caprifoliaceae,evztrqfiuwhljnpcao,21/09/2021,28/12/2021,332,332
Thamnobryaceae,kziwqvojhsbpgrf,04/01/2022,21/02/2022,333,333
Cyperaceae,wyrczidoeaugkfjbvhx,16/07/2021,22/06/2021,334,334
Cucurbitaceae,zyrwgkoatu,14/06/2021,25/01/2022,335,335
Fabaceae,rqubwplxtzovsni,27/11/2021,26/02/2022,336,336
Poaceae,umrhjxgopd,28/08/2021,07/08/2021,337,337
Lecythidaceae,uizrwhebxkgpdcsatojf,23/03/2022,19/07/2021,338,338
Annonaceae,tcshuwrdmlaqknvpoxzj,26/11/2021,01/06/2022,339,339
Pinaceae,weaqfsgkoiupd,03/01/2022,10/04/2022,340,340
Agavaceae,zhpxbqlrgnysdfukmiwe,05/04/2022,28/07/2021,341,341
Asteraceae,hifeqrtwna,22/07/2021,08/07/2021,342,342
Sapindaceae,qwnvpbmgloix,26/11/2021,27/03/2022,343,343
Malvaceae,vbzfwxlhyurjoqc,24/02/2022,10/05/2022,344,344
Asteraceae,vbyxdkciasqolg,18/10/2021,17/04/2022,345,345
Dipsacaceae,rimlnvofwpgjqetdkczy,22/02/2022,16/05/2022,346,346
Rutaceae,ctikefnqzjmdlraus,22/04/2022,07/02/2022,347,347
Polygonaceae,cgnrjvieqdl,25/05/2022,29/03/2022,348,348
Asteraceae,ibyepwnjzcsrkut,14/01/2022,20/06/2021,349,349
Campanulaceae,rtmvpaflscyon,04/09/2021,26/12/2021,350,350
Equisetaceae,mflibwqdvnhtcr,12/01/2022,01/04/2022,351,351
Portulacaceae,cibpvunyeo,30/06/2021,30/12/2021,352,352
Asteraceae,qmjdkvlcyugehnbi,04/10/2021,10/09/2021,353,353
Grimmiaceae,dbrkltczvoxmiasue,30/11/2021,22/07/2021,354,354
Moraceae,cflbreihoxgv,06/10/2021,16/06/2021,355,355
Violaceae,rucfjdqhyzbok,05/05/2022,23/09/2021,356,356
Passifloraceae,hmlokzpdxbwue,25/04/2022,06/02/2022,357,357
Pyrenulaceae,gorwxpsadyehl,07/06/2022,22/01/2022,358,358
Dryopteridaceae,egurhvfqonz,26/06/2021,27/06/2021,359,359
Fabaceae,kxpsbymwaigtdvnh,12/11/2021,18/04/2022,360,360
Asclepiadaceae,jpgtlhkrovfdwazi,24/11/2021,11/09/2021,361,361
Amblystegiaceae,axyetrifgdsoqh,17/12/2021,19/10/2021,362,362
Verrucariaceae,mpjctaogvflydh,28/02/2022,17/08/2021,363,363
Boraginaceae,ikwtayhzdsvlfxgu,25/01/2022,07/10/2021,364,364
Lamiaceae,doxwfglpmneqhztrbkv,25/02/2022,11/04/2022,365,365
Apiaceae,hfodnecwqaxr,04/12/2021,19/08/2021,366,366
Lamiaceae,irecnsgkjofx,15/09/2021,25/11/2021,367,367
Cactaceae,dajfluwxsqbciver,23/03/2022,28/01/2022,368,368
Asteraceae,kymrbvlczustedwqajno,08/04/2022,12/05/2022,369,369
Poaceae,versubkqdgxzhcanowy,01/06/2022,02/11/2021,370,370
Chenopodiaceae,jympklqxiorbuacdtwn,11/07/2021,12/01/2022,371,371
Scrophulariaceae,qkwinsforeyd,06/01/2022,01/01/2022,372,372
Fumariaceae,zgrbdpfcmqakeiox,27/08/2021,13/03/2022,373,373
Asteraceae,apozbmvyxqdkfngju,08/02/2022,30/04/2022,374,374
Ranunculaceae,ktrywzlcaebidm,30/07/2021,10/03/2022,375,375
Asteraceae,apzougblyf,23/03/2022,18/09/2021,376,376
Eriocaulaceae,wjypeudarqicgovmhlnk,23/05/2022,20/02/2022,377,377
Sphinctrinaceae,auonsrbzjpgqe,19/05/2022,28/11/2021,378,378
Oleaceae,blsgidpynuamokhwzq,23/02/2022,17/07/2021,379,379
Poaceae,cwxlhmevkuasd,03/03/2022,12/02/2022,380,380
Cactaceae,mzswrdjvxehunpyiq,03/11/2021,14/03/2022,381,381
Asteraceae,dlrieqnfwyzotbgvjpc,20/07/2021,14/11/2021,382,382
Agavaceae,odpfymqxkgvncwjztlr,15/07/2021,26/01/2022,383,383
Rosaceae,liedtcfpukroswm,23/01/2022,30/03/2022,384,384
Primulaceae,fhpsivwyda,27/12/2021,23/11/2021,385,385
Fabaceae,goyrklwdfzpcjq,08/12/2021,23/03/2022,386,386
Lythraceae,lisoqdpfgutmzrnxy,14/05/2022,08/11/2021,387,387
Brassicaceae,ueinkpagxmjbwlfdo,09/09/2021,22/01/2022,388,388
Polemoniaceae,vgqiwanzcfdxltsrpoyb,03/03/2022,26/03/2022,389,389
Sapotaceae,xcsolkrmihvgtwq,03/11/2021,22/10/2021,390,390
Biatorellaceae,pjrmknautzgdf,08/03/2022,23/06/2021,391,391
Thelypteridaceae,gokymjnpzsiwlerqvatb,20/07/2021,07/01/2022,392,392
Primulaceae,civgajoyrxwlftqnubpe,01/01/2022,22/10/2021,393,393
Euphorbiaceae,edhwozjnirykblxvqspt,25/08/2021,15/07/2021,394,394
Rutaceae,wbcegiulmtsqxja,20/10/2021,25/03/2022,395,395
Teloschistaceae,rxjhpbcgiak,09/09/2021,17/02/2022,396,396
Plumbaginaceae,afudmqwncvtgzorl,24/12/2021,25/11/2021,397,397
Rosaceae,zycopxqmibjweruhtdvn,10/01/2022,27/09/2021,398,398
Poaceae,ljiozvfendxmqwkt,26/02/2022,19/05/2022,399,399
Vittariaceae,xlczaqrfjbk,16/10/2021,22/02/2022,400,400
Onagraceae,djrgkqcilvb,14/03/2022,08/06/2022,401,401
Grossulariaceae,bjcywkumsrpv,28/07/2021,30/07/2021,402,402
Asclepiadaceae,vedzsbwcyhnfroxmtpuk,29/03/2022,16/04/2022,403,403
Fabaceae,qmkzuopcfy,07/03/2022,18/09/2021,404,404
Poaceae,pgvbtoxluqdsycazkreh,16/10/2021,18/11/2021,405,405
Cyperaceae,ftygrmihonxd,17/06/2021,21/06/2021,406,406
Caliciaceae,gmliufdbovapehyzck,03/09/2021,11/09/2021,407,407
Lamiaceae,myhlqwxgscvdjbr,12/06/2021,13/10/2021,408,408
Liliaceae,aqpziogvjecbynxmflkt,26/12/2021,11/12/2021,409,409
Liliaceae,paqvwzglxcentkhfd,09/12/2021,22/06/2021,410,410
Papaveraceae,fqgryvcdiksat,17/02/2022,20/02/2022,411,411
Rubiaceae,fuhjoyqrezxld,09/06/2022,13/06/2021,412,412
Blechnaceae,rfbkaxluwdsqzhvc,07/03/2022,22/10/2021,413,413
Solanaceae,czarkylewgnt,12/12/2021,17/04/2022,414,414
Poaceae,cragoqlxnkyftuv,06/07/2021,09/07/2021,415,415
Sapindaceae,pvgdcoqtumryjielabns,06/02/2022,07/09/2021,416,416
Fabaceae,fmqvosniulrchypbg,19/07/2021,03/07/2021,417,417
Strigulaceae,ktznwedcyrfbqvaulx,20/06/2021,12/04/2022,418,418
Violaceae,knscjitbluhrdwoazqf,21/08/2021,30/06/2021,419,419
Viscaceae,ukxbjemyrico,13/07/2021,25/08/2021,420,420
Hypnaceae,lvbqedozfrj,26/05/2022,20/02/2022,421,421
Verbenaceae,zplxkqistmvewacu,23/01/2022,29/09/2021,422,422
Dryopteridaceae,gytnijuzfcrvha,10/03/2022,20/08/2021,423,423
Asteraceae,ztmhsfxpvkyo,30/10/2021,16/11/2021,424,424
Fabaceae,hjmeyaxtkgwdlzvfoui,10/05/2022,05/03/2022,425,425
Pedaliaceae,lravuefmwgsqnhjoixyd,26/09/2021,22/04/2022,426,426
Myrtaceae,rbaslknpmu,13/02/2022,16/03/2022,427,427
Euphorbiaceae,rudvopxbkczn,05/12/2021,01/09/2021,428,428
Passifloraceae,bregxpjwqtkf,19/01/2022,29/08/2021,429,429
Poaceae,ykcqahfelrongvsm,28/11/2021,07/07/2021,430,430
Nyctaginaceae,ulynhofgabd,11/10/2021,26/06/2021,431,431
Asteraceae,lwdjkhtyriv,23/09/2021,05/02/2022,432,432
Fabaceae,cuoyphmsaixvlkftje,18/11/2021,21/08/2021,433,433
Pottiaceae,vqphawougmjitkfbnc,14/08/2021,05/06/2022,434,434
Potamogetonaceae,ljxwmgrdzpvb,26/05/2022,26/11/2021,435,435
Cucurbitaceae,umewajoizqsrgpvh,19/11/2021,24/07/2021,436,436
Myricaceae,dwzqfcjeixlsa,06/08/2021,31/01/2022,437,437
Verrucariaceae,dekumgtaiojpnrfyhw,23/09/2021,08/03/2022,438,438
Rutaceae,rvoykizlgswtqndpejux,02/05/2022,09/01/2022,439,439
Fabaceae,tjsbxqornfcwa,02/07/2021,12/07/2021,440,440
Myrtaceae,ouxsjganvzfmyqektpd,23/12/2021,23/10/2021,441,441
Commelinaceae,goekcwravi,07/12/2021,19/06/2021,442,442
Scrophulariaceae,ivdyohfeawrgsx,25/11/2021,21/04/2022,443,443
Asteraceae,vtamnbipjoxzkgwe,03/07/2021,09/07/2021,444,444
Valerianaceae,qbonspamcgxijkv,19/08/2021,21/08/2021,445,445
Urticaceae,sbwohlxgipmryzfudkva,29/06/2021,19/10/2021,446,446
Fabaceae,oyvnwfbejaupqm,22/09/2021,07/08/2021,447,447
Cyperaceae,toqgamrbdixuy,13/05/2022,11/10/2021,448,448
Asteraceae,zhkrqbvjaixudclo,25/11/2021,14/07/2021,449,449
Acarosporaceae,etkuyqpxacjzbhn,21/05/2022,31/10/2021,450,450
Sphagnaceae,obnedpwtsihrakxcgyuj,20/02/2022,30/04/2022,451,451
Ranunculaceae,znwvsqgcita,25/11/2021,10/02/2022,452,452
Apiaceae,igvrfdacmnsjtqhluo,15/11/2021,16/10/2021,453,453
Scrophulariaceae,zpmnaexltghfqdr,15/03/2022,23/06/2021,454,454
Cyperaceae,nfhjqalrtyxeugzskvp,14/12/2021,18/01/2022,455,455
Ericaceae,gokefmzrucnwibaqdv,10/08/2021,27/11/2021,456,456
Asteraceae,sgqmvuioxbzap,12/02/2022,07/10/2021,457,457
Lamiaceae,gtzqowxvfpidkyubse,15/02/2022,30/08/2021,458,458
Liliaceae,mvyzxtdrgl,22/04/2022,20/01/2022,459,459
Araceae,czkqepbhaiylmwxrf,31/10/2021,01/06/2022,460,460
Brassicaceae,aqpolkhbfygxntcvm,25/04/2022,28/04/2022,461,461
Fabaceae,alngbhxwsjivfm,17/03/2022,12/02/2022,462,462
Neckeraceae,eqgujtifsar,30/03/2022,02/10/2021,463,463
Aceraceae,uvyoslegcbkawqr,11/06/2022,14/12/2021,464,464
Hydrophyllaceae,pruavctwdkogqfilnezh,30/10/2021,11/07/2021,465,465
Opegraphaceae,ibwlyxhtrkeucqd,21/04/2022,18/02/2022,466,466
Asteraceae,lexjuqmbktof,01/04/2022,26/03/2022,467,467
Chenopodiaceae,reabchnjls,23/12/2021,07/07/2021,468,468
Droseraceae,uwayodjqnipcz,13/10/2021,02/08/2021,469,469
Verbenaceae,oyewxkvbjsa,29/07/2021,28/06/2021,470,470
Fabaceae,epuhtmkgoyaqf,09/07/2021,30/05/2022,471,471
Lamiaceae,yhqkvrlmdgenuwabj,23/09/2021,15/12/2021,472,472
Polygonaceae,rsyhkjzcilupftob,30/08/2021,01/01/2022,473,473
Asteraceae,qvlizwkbadoct,28/12/2021,11/11/2021,474,474
Cladoniaceae,dpqbrhvjekinut,12/07/2021,03/02/2022,475,475
Polygonaceae,gfsjypdlrhonueim,27/02/2022,12/09/2021,476,476
Grimmiaceae,cqbyvzljporwgtk,13/06/2021,19/03/2022,477,477
Psoraceae,ebrdktnsfuxoihl,11/05/2022,25/10/2021,478,478
Fagaceae,xlnkywzodmutpgjqvf,07/03/2022,05/07/2021,479,479
Rosaceae,hdvaunqeitbmkog,04/04/2022,16/03/2022,480,480
Poaceae,iuojxfmkwlg,22/05/2022,05/07/2021,481,481
Liliaceae,ljnecfwdguhpiakxytrs,27/02/2022,10/10/2021,482,482
Physciaceae,omvqzftkudhbcis,05/08/2021,31/10/2021,483,483
Cactaceae,tjiwzefckunob,06/09/2021,13/12/2021,484,484
Parmeliaceae,gyqcktuoxjwndzlp,24/08/2021,07/06/2022,485,485
Onagraceae,fpcylqrbvhtzes,18/01/2022,28/10/2021,486,486
Poaceae,wrfnqphtjioaksyc,02/10/2021,28/07/2021,487,487
Pottiaceae,toakhdnulzjexvr,02/09/2021,28/10/2021,488,488
Lecanoraceae,wqzchvujsoixlktfben,04/12/2021,26/09/2021,489,489
Rosaceae,uowitbpejclqk,30/05/2022,29/01/2022,490,490
Rubiaceae,wuzkmfihylvgcptaej,21/02/2022,03/07/2021,491,491
Zingiberaceae,laxusrowcvfikptg,04/07/2021,31/10/2021,492,492
Asteraceae,aebziumjowqyn,12/07/2021,24/06/2021,493,493
Ranunculaceae,iycbezsplwku,27/06/2021,16/08/2021,494,494
Brassicaceae,olnfkijweyqdxb,08/10/2021,02/06/2022,495,495
Asteraceae,lsfhywtrzugqkbovjd,09/06/2022,08/10/2021,496,496
Campanulaceae,uxtzkecbrhwogi,28/03/2022,28/04/2022,497,497
Asteraceae,skncgrwheipjquomy,15/12/2021,05/03/2022,498,498
Scrophulariaceae,tcfmpszhrqvnk,01/07/2021,18/09/2021,499,499
Cyperaceae,rkuytcswbpnq,16/05/2022,30/04/2022,500,500
Scrophulariaceae,hlejkpbnuaoxswm,19/12/2021,18/07/2021,501,501
Rosaceae,xzhiyfjmvbngaco,12/07/2021,07/01/2022,502,502
Elatinaceae,qtibfdamwucys,12/12/2021,31/12/2021,503,503
Sapindaceae,tozydjcuvr,02/07/2021,20/01/2022,504,504
Fabaceae,elkfyicazdwjqnpuvh,13/09/2021,09/09/2021,505,505
Fabaceae,hozwmyqjtbuf,19/06/2021,12/05/2022,506,506
Dryopteridaceae,scargwybxfnmt,08/09/2021,05/09/2021,507,507
Amblystegiaceae,oxujkayinpmztlehcb,09/07/2021,20/08/2021,508,508
Cactaceae,zclprathbum,26/04/2022,09/07/2021,509,509
Fabaceae,sljcoqwdhprinmge,10/10/2021,10/11/2021,510,510
Fabaceae,pgnciwxsubdk,22/12/2021,15/08/2021,511,511
Asteraceae,sufvhqjorcabgldwp,07/03/2022,12/02/2022,512,512
Fabaceae,hoputqnjrzlseyfaibd,26/02/2022,18/07/2021,513,513
Asclepiadaceae,qhvljnkzeywudiaftxbo,08/08/2021,29/06/2021,514,514
Gesneriaceae,ftpsbvkgqhlmzcyxendi,08/10/2021,31/07/2021,515,515
Lecanoraceae,menxybsizlowpkjdq,08/01/2022,15/06/2021,516,516
Asteraceae,xnpbavgcftlkyujrw,01/03/2022,26/08/2021,517,517
Celastraceae,eroucbqzfdnxj,28/10/2021,24/03/2022,518,518
Rosaceae,cwjdsfxabzpriloev,22/12/2021,23/08/2021,519,519
Ulmaceae,scnoxwrzlyfiubqpdm,05/08/2021,09/06/2022,520,520
Ptychomitriaceae,mceunsyafx,29/03/2022,29/09/2021,521,521
Acarosporaceae,mlznevjdoxspawqit,20/05/2022,23/01/2022,522,522
Boraginaceae,uvdlngkrci,30/10/2021,20/04/2022,523,523
Apiaceae,aubfnxyergjmpcwo,23/11/2021,15/02/2022,524,524
Campanulaceae,ekosmuqxhlbjayncg,30/07/2021,07/09/2021,525,525
Polygonaceae,iabwzqelgp,11/03/2022,03/09/2021,526,526
Asteraceae,cqbfdxjnwzvtlmosyrau,09/03/2022,20/12/2021,527,527
Poaceae,aovjeylphcbdwigzr,12/06/2021,07/09/2021,528,528
Fabaceae,oiyhacdugwrzmebtf,18/05/2022,25/10/2021,529,529
Fabaceae,kzelrwsvdipqmyatjno,13/06/2021,09/11/2021,530,530
Cactaceae,qxvytgjbrksi,24/05/2022,08/11/2021,531,531
Fabaceae,ucvlzxtsehdrkpbnmw,03/09/2021,08/07/2021,532,532
Rosaceae,roqjpwxiyectbhadzl,07/05/2022,02/08/2021,533,533
Cactaceae,rcqsmkafhogjuvwtdnl,14/11/2021,09/03/2022,534,534
Asteraceae,sgrlezobqknvmiwufy,15/06/2021,13/05/2022,535,535
Polygonaceae,zlvkgsajofryuwe,16/01/2022,28/02/2022,536,536
Asteraceae,efhzrcwqbxagn,10/03/2022,30/04/2022,537,537
Convolvulaceae,kjbmypzxgudcthfnas,18/09/2021,13/10/2021,538,538
Solanaceae,vziwmhfxps,01/07/2021,07/07/2021,539,539
Fabaceae,dwbryiqzuacxhsomf,14/07/2021,19/07/2021,540,540
Ramalinaceae,nalhjbkvcrtfeydiuzsp,19/07/2021,27/01/2022,541,541
Fabaceae,dqymptfgrnwvlj,07/02/2022,05/01/2022,542,542
Lecanoraceae,mgpouyedfthnra,04/11/2021,03/06/2022,543,543
Malpighiaceae,ecmjfhvrdoqnpywsu,03/12/2021,04/08/2021,544,544
Orchidaceae,siwlzohucy,11/05/2022,02/08/2021,545,545
Haloragaceae,sfuwngpilatvebhkdxm,06/05/2022,18/09/2021,546,546
Arecaceae,wysgnvjzrb,28/02/2022,24/09/2021,547,547
Poaceae,ctduszvhkgxaye,11/07/2021,01/12/2021,548,548
Arecaceae,azhbtjmwrifgp,11/07/2021,01/12/2021,549,549
Ericaceae,qbvycxoasmiu,14/11/2021,23/07/2021,550,550
Viscaceae,tuhoapkyvlxs,19/03/2022,19/01/2022,551,551
Verbenaceae,qczrmnbgxavt,10/08/2021,12/08/2021,552,552
Asteraceae,yfmptxlqgjnisvehrz,16/06/2021,17/11/2021,553,553
Acarosporaceae,xogpwtmscnurhlefjq,31/01/2022,22/04/2022,554,554
Flacourtiaceae,brukvnxigdscyjmtwlha,26/08/2021,31/10/2021,555,555
Fabaceae,huvzibkwcngrpoatxlms,25/01/2022,27/08/2021,556,556
Onagraceae,tkopcgraxed,21/08/2021,11/04/2022,557,557
Tetraphidaceae,lmnjqvruxok,27/06/2021,03/08/2021,558,558
Polygonaceae,ybeqdixhnmpfts,28/01/2022,14/12/2021,559,559
Asteraceae,oyebhcldptfxqwgsrv,22/04/2022,15/02/2022,560,560
Rutaceae,ousrtbnxlpvmzhwk,25/08/2021,18/04/2022,561,561
Physciaceae,iygqukzerbotachmfj,12/11/2021,20/10/2021,562,562
Xyridaceae,tmnvdsrwzgbauc,07/04/2022,03/08/2021,563,563
Poaceae,tarepmvkhgzcdnos,17/04/2022,04/08/2021,564,564
Fabaceae,njqktbgfrxuas,19/03/2022,20/11/2021,565,565
Rosaceae,zvquefxrjodtymcnibwh,21/07/2021,08/04/2022,566,566
Pyrenulaceae,atvscjgenwzobym,20/08/2021,08/08/2021,567,567
Stereocaulaceae,oprvgukhtjnawziedqyx,26/07/2021,12/02/2022,568,568
Calymperaceae,ewtxpkqvdc,27/01/2022,08/06/2022,569,569
Poaceae,srwketoapdcx,31/08/2021,16/01/2022,570,570
Verrucariaceae,yhkexuitndvmpsbaoz,02/07/2021,08/04/2022,571,571
Agavaceae,tgzfhkpbjre,31/10/2021,20/09/2021,572,572
Rosaceae,gtejzmyhwsucol,29/07/2021,11/09/2021,573,573
Caprifoliaceae,wetlsrcjfoahvbzuqkxy,01/03/2022,17/01/2022,574,574
Menispermaceae,phivgndstjrlmf,12/07/2021,09/01/2022,575,575
Rosaceae,rkxizyuhjldgvmocwesa,27/12/2021,01/06/2022,576,576
Salicaceae,fhujadtqmvlri,17/01/2022,16/03/2022,577,577
Cyperaceae,vzpcoydmsgwufnbijrek,20/10/2021,12/01/2022,578,578
Poaceae,hbvngkjrle,22/11/2021,12/08/2021,579,579
Asteraceae,ejyidxwszcp,25/01/2022,23/09/2021,580,580
Fagaceae,phxqzknjfm,25/08/2021,09/04/2022,581,581
Scrophulariaceae,xzwtkhlmvrqogsc,15/01/2022,29/04/2022,582,582
Apiaceae,nmpcqtdiyu,09/10/2021,28/02/2022,583,583
Asteraceae,jwhtnguafpqrxczeml,22/08/2021,04/12/2021,584,584
Dennstaedtiaceae,hxsazqktgfjry,17/11/2021,02/10/2021,585,585
Empetraceae,manvbxgplhoiykes,23/10/2021,11/06/2022,586,586
Fabaceae,kvlxhmfsqi,10/11/2021,01/10/2021,587,587
Cladoniaceae,pablygncwhqxeosmrzvd,27/04/2022,15/04/2022,588,588
Ranunculaceae,atevnglbdyi,01/11/2021,09/06/2022,589,589
Poaceae,breyohiqtxumkp,30/09/2021,11/10/2021,590,590
Bombacaceae,emsudbhpafoljgxy,09/04/2022,01/04/2022,591,591
Campanulaceae,gwjmpqovcunh,02/07/2021,30/12/2021,592,592
Pinaceae,qusozhxnefigtrvka,09/10/2021,07/02/2022,593,593
Parmeliaceae,sprjehadlcnymvq,25/06/2021,05/07/2021,594,594
Ericaceae,quesinkrghv,13/05/2022,31/01/2022,595,595
Caryophyllaceae,pnfktimexlwdbusyg,03/10/2021,15/12/2021,596,596
Brassicaceae,oxfjkzcahwiqry,03/02/2022,09/04/2022,597,597
Fabaceae,oxhsyzjklwiacefmu,03/03/2022,27/10/2021,598,598
Fabaceae,ufcljobkywadpsix,31/12/2021,23/08/2021,599,599
Bryaceae,doncglwhysazumr,10/08/2021,11/04/2022,600,600
Fabaceae,eungmjrahxdqckfsy,26/01/2022,20/08/2021,601,601
Euphorbiaceae,ihydxvmwtbfegzr,02/01/2022,19/03/2022,602,602
Liliaceae,zaktnjhywdbmqrupvx,10/09/2021,07/06/2022,603,603
Caryophyllaceae,klxrcboewt,04/09/2021,31/01/2022,604,604
Bacidiaceae,dsvohiyfkzxrwt,12/02/2022,16/09/2021,605,605
Dryopteridaceae,djylrsmgikb,28/11/2021,19/07/2021,606,606
Campanulaceae,wftenabgyq,15/03/2022,08/11/2021,607,607
Lichinaceae,vkbwldtpehxzgrjuy,16/08/2021,02/09/2021,608,608
Pteridaceae,gqbyfzomjcrnlukwevt,31/01/2022,16/07/2021,609,609
Asteraceae,eagjpcrlfumhvbzwktxd,03/05/2022,17/09/2021,610,610
Ranunculaceae,nowrijvlkpymbdxfgsau,30/01/2022,10/02/2022,611,611
Portulacaceae,ywhlzaijnovpxurc,29/10/2021,23/03/2022,612,612
Asteraceae,miratzxgwkpdvnubyje,16/08/2021,20/02/2022,613,613
Leucodontaceae,yhwbpgulnx,31/08/2021,26/09/2021,614,614
Commelinaceae,bmuhcntildpwvfrj,15/08/2021,15/04/2022,615,615
Brachytheciaceae,dwtpxvfbhzjgekoi,16/08/2021,29/09/2021,616,616
Dioscoreaceae,lndtxyuepgqsozf,17/01/2022,16/08/2021,617,617
Dryopteridaceae,vosmztdlrqc,17/08/2021,22/03/2022,618,618
Cyperaceae,glteyjvnizcqpowrhxbd,10/04/2022,02/09/2021,619,619
Bacidiaceae,akwzfpurevcxty,23/01/2022,17/05/2022,620,620
Asteraceae,bqmctsjxarhfewigpvld,31/05/2022,31/08/2021,621,621
Apiaceae,shyozxiqewl,28/08/2021,06/09/2021,622,622
Apiaceae,cgqwnrtihayod,18/12/2021,09/04/2022,623,623
Rosaceae,fluiwbysvmjexgn,09/11/2021,31/10/2021,624,624
Isoetaceae,vzeiagwhcrtyus,09/11/2021,25/01/2022,625,625
Orobanchaceae,qsvhdcxgkebujowin,16/11/2021,08/02/2022,626,626
Parmeliaceae,kvconswypxmjbuaf,05/11/2021,07/07/2021,627,627
Asteraceae,crzywapedojvfmbxq,02/06/2022,06/06/2022,628,628
Poaceae,okptmqurxsedcz,15/07/2021,04/03/2022,629,629
Anthocerotaceae,nrxetcpjigdkfz,06/01/2022,12/07/2021,630,630
Euphorbiaceae,yldahfgnmur,25/03/2022,25/09/2021,631,631
Lamiaceae,ifawdqrmxeczvhsy,18/09/2021,11/08/2021,632,632
Polypodiaceae,kavdgxyzbtnwfcm,18/01/2022,21/10/2021,633,633
Poaceae,xaldzuwjkvgroiqny,16/07/2021,22/06/2021,634,634
Brassicaceae,hflsutampirgevnkxw,07/07/2021,24/08/2021,635,635
Crassulaceae,lratbgjqypci,09/04/2022,09/02/2022,636,636
Fabaceae,qtmgkplhsbwi,07/07/2021,16/08/2021,637,637
Cuscutaceae,alkovwpzcndhsmxqry,30/06/2021,05/05/2022,638,638
Caryocaraceae,osczqptkhnl,10/04/2022,16/08/2021,639,639
Convolvulaceae,tjxecfviuk,12/07/2021,19/09/2021,640,640
Convolvulaceae,usyghbctzjn,26/10/2021,23/09/2021,641,641
Cyperaceae,scgjmulpbw,27/12/2021,20/09/2021,642,642
Araceae,fapluhozbqwnxktgvye,10/10/2021,03/05/2022,643,643
Rhamnaceae,uewdoglcsihtnayzjkr,04/05/2022,12/07/2021,644,644
Rosaceae,gianfsjembdcpvhl,04/04/2022,15/07/2021,645,645
Fabaceae,gsbwerzqjxt,05/12/2021,30/07/2021,646,646
Parmeliaceae,cagwztjvxhfqpob,24/05/2022,02/09/2021,647,647
Rosaceae,dqyecpuxonirwks,21/10/2021,29/07/2021,648,648
Juncaceae,rswbfezntlakpoy,14/08/2021,22/06/2021,649,649
Proteaceae,ehlmicwrjaqtgkx,24/04/2022,16/09/2021,650,650
Dryopteridaceae,isuklwcjqveramybgn,02/09/2021,20/12/2021,651,651
Fabaceae,kxvhlrzmqtsnwfbu,07/11/2021,27/05/2022,652,652
Sphagnaceae,xrwzyoaikmd,28/09/2021,13/07/2021,653,653
Collemataceae,pmzinsuqdyhtrekg,28/12/2021,26/01/2022,654,654
Collemataceae,ghlbsdzjntfmrw,13/06/2021,26/01/2022,655,655
Acarosporaceae,bqvjxugazcpi,25/07/2021,15/02/2022,656,656
Saxifragaceae,bhkeiqtxfjwodzpcv,10/03/2022,24/11/2021,657,657
Asteraceae,tmrauwebnvkd,13/09/2021,03/05/2022,658,658
Menyanthaceae,vtspylqxdrjnzhei,26/03/2022,16/03/2022,659,659
Asteraceae,ypmavzqrohticd,11/04/2022,27/01/2022,660,660
Hydrophyllaceae,lmurwihgvs,21/11/2021,14/03/2022,661,661
Cladoniaceae,gvdnsqktxmiecjwrh,05/06/2022,11/02/2022,662,662
Asteraceae,erpanhkfomqx,15/04/2022,04/01/2022,663,663
Flacourtiaceae,hagvztcknydm,13/08/2021,30/12/2021,664,664
Iridaceae,xfejzbnqswvdlaptkuy,27/06/2021,09/05/2022,665,665
Malvaceae,qjyvkftnpodbri,05/03/2022,27/03/2022,666,666
Liliaceae,ljgqczsndrmxik,23/02/2022,07/05/2022,667,667
Fabaceae,aiwgpdbocl,14/03/2022,09/10/2021,668,668
Saxifragaceae,oydxpukzqilerhcvwsbg,26/04/2022,08/05/2022,669,669
Fabaceae,cokyaqhrnzwgiu,30/08/2021,11/12/2021,670,670
Gentianaceae,dwgpeocbvmtjazfn,09/04/2022,22/02/2022,671,671
Poaceae,vudqwrkgalnycemsi,09/03/2022,18/11/2021,672,672
Euphorbiaceae,vrqophnfxkbg,01/01/2022,16/07/2021,673,673
Saxifragaceae,lhvroubnsqkeijymgzf,01/02/2022,28/08/2021,674,674
Brassicaceae,cxsmougild,08/01/2022,19/05/2022,675,675
Acarosporaceae,wgarncjmlotevb,26/10/2021,09/01/2022,676,676
Fabaceae,gduzliwtamhespoqbf,15/05/2022,18/09/2021,677,677
Lamiaceae,qzkhpesbclg,24/01/2022,11/02/2022,678,678
Fabaceae,qceatzdnpvsiruwhjb,19/06/2021,26/01/2022,679,679
Boraginaceae,dmpfcsgzeuaqhvrijnwt,26/10/2021,11/06/2022,680,680
Nyctaginaceae,ucrkavwseinpm,29/07/2021,27/08/2021,681,681
Myrsinaceae,ospbkfmlah,16/08/2021,22/12/2021,682,682
Asteraceae,cgmzfwkyrdoijpvslhx,30/07/2021,07/12/2021,683,683
Asteraceae,tkmydnxqzrc,04/11/2021,07/06/2022,684,684
Malvaceae,azvkcowinrht,02/03/2022,16/02/2022,685,685
Ectolechiaceae,fgwzkxvohusrdapyjt,18/04/2022,13/07/2021,686,686
Boraginaceae,bscazouwjrfvmy,04/11/2021,19/01/2022,687,687
Orchidaceae,xeyjvsohclpb,27/04/2022,04/11/2021,688,688
Onagraceae,msaqlytkhprbnwexodju,07/09/2021,23/11/2021,689,689
Myrtaceae,xyuldqpavkzbmr,16/06/2021,02/09/2021,690,690
Myrtaceae,zatjlxisgne,05/07/2021,10/01/2022,691,691
Papaveraceae,ohqiawebuzsfcv,20/07/2021,16/12/2021,692,692
Scrophulariaceae,hiockmnqjtadszwglfy,05/12/2021,04/01/2022,693,693
Brassicaceae,elymwirqkh,25/09/2021,20/05/2022,694,694
Liliaceae,lmixfdvjohns,24/04/2022,20/07/2021,695,695
Cladoniaceae,tihcksrjzbuo,30/01/2022,16/03/2022,696,696
Saxifragaceae,gqvouczlhbrk,25/07/2021,27/01/2022,697,697
Fabaceae,kawftjocipxnr,08/01/2022,22/09/2021,698,698
Cladoniaceae,cphfdnrlivwbystzmua,03/03/2022,15/05/2022,699,699
Bacidiaceae,pjvzldrifkenbqxycwh,28/01/2022,15/12/2021,700,700
Aspleniaceae,soeyzdcghxualrnf,29/10/2021,20/03/2022,701,701
Asteraceae,flvaqisbojmpeznuhx,14/07/2021,01/02/2022,702,702
Scrophulariaceae,umnyxzgfcbwprdalovst,27/06/2021,10/12/2021,703,703
Dryopteridaceae,crglqvhsxnjtfkd,13/04/2022,26/10/2021,704,704
Pinaceae,culahoyqpdzgrwmsnvjk,23/02/2022,17/07/2021,705,705
Euphorbiaceae,prywqelhkxifdaguzsv,24/02/2022,15/09/2021,706,706
Boraginaceae,kxiwzsqfth,30/10/2021,28/02/2022,707,707
Orchidaceae,rmlnehgjbocpzukv,26/05/2022,26/06/2021,708,708
Eriocaulaceae,ybfcdqvxews,17/09/2021,14/10/2021,709,709
Rubiaceae,lsmgpdxkbiaqcytwzvrf,28/04/2022,15/03/2022,710,710
Lauraceae,jxdqfmvihytnbepclrou,12/01/2022,17/02/2022,711,711
Rosaceae,vimzargsfobkutwxec,24/11/2021,21/03/2022,712,712
Brassicaceae,pahuibwxcy,01/08/2021,15/02/2022,713,713
Euphorbiaceae,pqokjvwagmznfsdiecx,03/07/2021,10/05/2022,714,714
Fabaceae,becrjltadvzkn,24/04/2022,29/10/2021,715,715
Asteraceae,gbdqvnpfkuyhom,02/09/2021,12/04/2022,716,716
Anacardiaceae,tosirklgnyh,21/06/2021,11/09/2021,717,717
Asclepiadaceae,ibhpmgfckjzr,05/06/2022,29/10/2021,718,718
Fabaceae,wcjvpyguosdazixmerf,23/09/2021,09/12/2021,719,719
Fabaceae,xwlqbpjidyfgrm,20/12/2021,06/09/2021,720,720
Cyperaceae,lxthbogquwvakijdfypc,29/07/2021,06/04/2022,721,721
Fabaceae,vqyztjpbskewxgcfho,12/02/2022,18/03/2022,722,722
Oxalidaceae,uwsbxoycvt,26/02/2022,06/09/2021,723,723
Fabaceae,epzxkcavtbfng,01/06/2022,23/09/2021,724,724
Graphidaceae,qtncwmhreiz,14/07/2021,02/12/2021,725,725
Poaceae,pnqxszdmoebtvfy,18/04/2022,22/11/2021,726,726
Acarosporaceae,srvkypuxogqz,01/07/2021,06/05/2022,727,727
Poaceae,amoyrcspjtxquw,29/10/2021,22/07/2021,728,728
Orchidaceae,vtcuesjfgxm,20/10/2021,27/01/2022,729,729
Amblystegiaceae,ctwizghnafs,31/12/2021,26/01/2022,730,730
Lamiaceae,nqbchaxrkwlotvy,05/01/2022,09/07/2021,731,731
Pottiaceae,fehlywjzugqsatkmv,04/08/2021,24/07/2021,732,732
Monoblastiaceae,qoixusemdjhw,22/03/2022,16/06/2021,733,733
Geraniaceae,wtpjsdcgklxyb,28/01/2022,09/10/2021,734,734
Pteridaceae,zcaxuptqijylfs,21/11/2021,02/04/2022,735,735
Asteraceae,qkcmnhydegxwospajzfi,12/11/2021,20/05/2022,736,736
Poaceae,rjpnbduftwslkmvco,05/10/2021,23/12/2021,737,737
Myrtaceae,xuznrtodyaqmphkc,30/06/2021,27/03/2022,738,738
Rosaceae,eakzgysobxvhju,25/07/2021,16/10/2021,739,739
Teloschistaceae,wyhdvscueofax,30/07/2021,25/08/2021,740,740
Physciaceae,bjkzwcmxipl,03/04/2022,31/10/2021,741,741
Fabaceae,yjvrqbzwdfh,17/08/2021,24/01/2022,742,742
Asteraceae,jtfenhiouckvxzad,03/08/2021,04/02/2022,743,743
Sapindaceae,emocxuvyijfr,11/09/2021,24/09/2021,744,744
Poaceae,nxowvshkmlrc,28/09/2021,07/02/2022,745,745
Asteraceae,gfqsonhxtuzlavjy,24/11/2021,14/07/2021,746,746
Sterculiaceae,bsmnjxefdrhpvygiq,11/05/2022,18/10/2021,747,747
Isoetaceae,kqhdfupsrlzg,26/07/2021,26/07/2021,748,748
Ericaceae,hakoxuqrfpzjdl,19/02/2022,13/04/2022,749,749
Rubiaceae,grbokfljpmhdnqwyt,18/11/2021,21/05/2022,750,750
Sphagnaceae,ftlgnbwseajdp,24/12/2021,09/11/2021,751,751
Apiaceae,qawyefpmktnui,08/10/2021,22/12/2021,752,752
Solanaceae,klmsdhzquonajev,20/06/2021,24/05/2022,753,753
Apiaceae,bdklshovrunmai,03/12/2021,11/01/2022,754,754
Poaceae,btgrjolxvdfkzmsw,23/12/2021,04/09/2021,755,755
Fabaceae,evrdfclktusxagb,07/11/2021,08/11/2021,756,756
Saxifragaceae,zncarujflgpyidwvo,14/07/2021,02/08/2021,757,757
Fabaceae,umsgzkopjrtcqieba,27/06/2021,25/02/2022,758,758
Papaveraceae,rlndecmpxoshvwj,03/12/2021,17/08/2021,759,759
Fabaceae,kvtpeorgcn,07/11/2021,24/02/2022,760,760
Brassicaceae,iotvzhdkpfecxlgqynwj,11/02/2022,15/09/2021,761,761
Salicaceae,ounavlzbsempkdcyt,25/12/2021,24/01/2022,762,762
Polygonaceae,tlfyxozbhmakncqrgpw,05/11/2021,23/08/2021,763,763
Pottiaceae,pzkhoiqjbxymg,10/06/2022,20/01/2022,764,764
Asteraceae,zfhqpgnorlitewscv,22/08/2021,04/06/2022,765,765
Araliaceae,gtbudempqsl,07/02/2022,16/07/2021,766,766
Pteridaceae,rnpexgsjcdbavqkt,03/02/2022,23/11/2021,767,767
Brassicaceae,ptuhnmxvsgwbyjzrc,09/12/2021,07/08/2021,768,768
Asteraceae,hczogaimndjfuxslr,01/09/2021,29/06/2021,769,769
Zingiberaceae,efiymnszwrjpbtuhkdoa,03/08/2021,21/04/2022,770,770
Brassicaceae,wtgaxuzlbdvr,11/12/2021,28/10/2021,771,771
Campanulaceae,cegjtrqpbwizynokuv,26/04/2022,11/12/2021,772,772
Polemoniaceae,blpojsdzctgrhe,08/06/2022,23/01/2022,773,773
Dryopteridaceae,ixaehzrlsykqmcujfo,10/09/2021,17/01/2022,774,774
Agavaceae,ahoincrvfwqkdujtpe,12/04/2022,18/11/2021,775,775
Poaceae,iafcqjmwdu,02/12/2021,09/03/2022,776,776
Salicaceae,rnltpaxmugshwiy,28/05/2022,06/06/2022,777,777
Asteraceae,ocaxnmhikqtdveu,17/05/2022,06/03/2022,778,778
Alismataceae,ezfqlrgwvamxpjodhs,25/05/2022,18/07/2021,779,779
Cyperaceae,hvjbskxuaeglcpnzymrd,13/11/2021,22/06/2021,780,780
Heliconiaceae,glxjbwpyvidamktersnu,26/02/2022,15/08/2021,781,781
Brassicaceae,jwdyfhagitcsevb,05/12/2021,13/09/2021,782,782
Leskeaceae,tghuqixpeascf,15/03/2022,27/01/2022,783,783
Funariaceae,dahivxfyulbnmpcqjs,15/12/2021,08/06/2022,784,784
Euphorbiaceae,crvjnxkywadszhftgul,06/05/2022,25/01/2022,785,785
Euphorbiaceae,czqypunxvkfmir,23/04/2022,29/12/2021,786,786
Cyperaceae,objevmgqxfnld,04/08/2021,10/04/2022,787,787
Asteraceae,suhkdcmzjbgrt,11/04/2022,17/04/2022,788,788
Umbilicariaceae,heuqjpmyzvsfbc,02/10/2021,04/03/2022,789,789
Cactaceae,nkjthydxbszufwvire,09/01/2022,21/04/2022,790,790
Brassicaceae,hcgpinrjfabwm,27/12/2021,06/07/2021,791,791
Potamogetonaceae,rjgflacwnxmzi,13/07/2021,04/08/2021,792,792
Chenopodiaceae,jwozrhxndyfgeuqsvpc,25/04/2022,14/11/2021,793,793
Fagaceae,eyzmaltqrbfgowdkpu,23/01/2022,01/11/2021,794,794
Lamiaceae,rlwbudigxhpzkev,03/06/2022,24/01/2022,795,795
Ophioglossaceae,wjhivprayfkdmglxsc,10/02/2022,20/11/2021,796,796
Asteraceae,ydzptgibcqhf,20/02/2022,27/10/2021,797,797
Orchidaceae,amiwxevoruchbygstjkl,21/10/2021,19/01/2022,798,798
Bixaceae,owavbltufxpiyn,05/05/2022,06/07/2021,799,799
Asteraceae,mbksoavtjy,19/02/2022,09/02/2022,800,800
Liliaceae,mknrvjlhbotiguwsd,20/01/2022,28/09/2021,801,801
Nymphaeaceae,oevglbjyhqrdfpmxn,28/11/2021,13/09/2021,802,802
Asteraceae,hiqukmxalcobpfj,02/04/2022,12/10/2021,803,803
Asteraceae,vxgorfuamzwpsl,12/06/2021,18/05/2022,804,804
Cyperaceae,gfrhqejdbsvxclnw,01/12/2021,22/09/2021,805,805
Onagraceae,ifcmnrpkxlvtzoqyshgb,20/04/2022,21/10/2021,806,806
Rosaceae,xwbuodgjytzhrikslc,08/10/2021,03/07/2021,807,807
Fagaceae,dohxupjscbvfznglam,12/01/2022,13/10/2021,808,808
Apiaceae,cvhqeboljru,05/04/2022,18/02/2022,809,809
Fabaceae,qkwjpclvtaoheiyub,25/04/2022,13/02/2022,810,810
Verbenaceae,hvlpotczuram,11/11/2021,09/03/2022,811,811
Cactaceae,uhzqjeomgvcsfrib,10/10/2021,08/11/2021,812,812
Fabaceae,fgrzkujiwan,21/11/2021,16/12/2021,813,813
Asteraceae,mshjnvktucylxzgpdfae,04/12/2021,24/07/2021,814,814
Brassicaceae,tbmecsrdloyhn,23/10/2021,12/07/2021,815,815
Convolvulaceae,vkweimophbxnyj,14/11/2021,23/11/2021,816,816
Caryophyllaceae,fuxrlpjsnbzhcqmaw,20/04/2022,18/05/2022,817,817
Ranunculaceae,rdibfwyjthl,15/12/2021,02/11/2021,818,818
Pertusariaceae,azhtvdrpugq,15/08/2021,21/04/2022,819,819
Pandanaceae,icxjomqrzhedvfytpl,05/10/2021,14/06/2021,820,820
Brassicaceae,yiaqvzxrupgbsehlfwo,01/02/2022,05/08/2021,821,821
Lamiaceae,zrnsdvkfmuaotgbx,23/06/2021,08/09/2021,822,822
Verbenaceae,wgjzflpqsrnutakidb,12/12/2021,05/05/2022,823,823
Moraceae,ukxhfqowjgl,13/02/2022,03/12/2021,824,824
Pontederiaceae,kdhpenlcxs,15/12/2021,17/11/2021,825,825
Asteraceae,srubpfcjweixa,17/07/2021,23/06/2021,826,826
Heliconiaceae,jxivfaehncudsmqrwok,02/02/2022,19/07/2021,827,827
Cyperaceae,bswivunkcolxmzft,09/09/2021,24/04/2022,828,828
Crassulaceae,vehrybajxwdzcusn,28/12/2021,29/11/2021,829,829
Ruppiaceae,zlqwckvirbd,26/11/2021,12/06/2021,830,830
Brassicaceae,cirovqmnekzht,08/05/2022,09/07/2021,831,831
Rosaceae,cxwkmebnsdiyqujahzv,22/08/2021,15/05/2022,832,832
Cactaceae,slkjwtbmgvzpaoeurdi,08/09/2021,20/08/2021,833,833
Callitrichaceae,idevuycflkztqhb,11/07/2021,13/10/2021,834,834
Rubiaceae,bandesmucvlhwox,28/12/2021,15/12/2021,835,835
Poaceae,pblrctkjnfvm,18/04/2022,06/08/2021,836,836
Solanaceae,agvncfytsikl,17/05/2022,27/05/2022,837,837
Ranunculaceae,yhxfwaobkzc,19/03/2022,11/10/2021,838,838
Apiaceae,mnwvfrpzsqguheklcjad,19/06/2021,27/09/2021,839,839
Thelotremataceae,ayhlmtgzvbnpjdckfwi,18/04/2022,21/11/2021,840,840
Fagaceae,pnqcsyxbkihrlj,21/06/2021,31/05/2022,841,841
Bartramiaceae,fgasicvejunxm,14/02/2022,23/09/2021,842,842
Fabaceae,gvsftwbdynahqjix,31/03/2022,11/03/2022,843,843
Boraginaceae,fwjtiyegpox,30/10/2021,01/09/2021,844,844
Cyperaceae,jbsncptukegx,08/11/2021,03/09/2021,845,845
Rubiaceae,aisjrlwokvp,04/08/2021,04/05/2022,846,846
Saxifragaceae,xrpovuymtejzglqdahfb,07/09/2021,02/03/2022,847,847
Chenopodiaceae,ghvbepmfixrtljnsayqk,15/11/2021,06/02/2022,848,848
Ebenaceae,yngmafutjzoiskxb,19/09/2021,08/11/2021,849,849
Ranunculaceae,ojnbegyxzqh,31/10/2021,19/08/2021,850,850
Poaceae,wmculavhypif,18/07/2021,16/05/2022,851,851
Cupressaceae,dsblfinomjcht,13/03/2022,26/09/2021,852,852
Cucurbitaceae,rgdnhtfapiu,15/02/2022,09/11/2021,853,853
Asteraceae,swjxmlvpuighkyboezdq,12/11/2021,18/08/2021,854,854
Sarraceniaceae,yvhxbpoers,06/03/2022,09/05/2022,855,855
Ranunculaceae,swxqjfcatieu,14/10/2021,09/12/2021,856,856
Apiaceae,guyojvzqitrxmwc,30/09/2021,06/06/2022,857,857
Asteraceae,seofrahvui,30/09/2021,10/08/2021,858,858
Scrophulariaceae,bjxgkyrielchto,18/02/2022,17/04/2022,859,859
Orchidaceae,opyxrmvtaqjelb,16/06/2021,10/04/2022,860,860
Rosaceae,kcmxwqnufad,10/01/2022,11/02/2022,861,861
Fabaceae,imkqbnhyfjes,20/10/2021,04/12/2021,862,862
Polygonaceae,qcnmdbeavtysu,30/04/2022,11/11/2021,863,863
Malvaceae,cqdfsotzgehvj,04/04/2022,26/10/2021,864,864
Verbenaceae,fmdqyivxknpjwt,14/01/2022,25/02/2022,865,865
Bixaceae,bdcoyfqtpvjhuiaemzs,06/10/2021,13/05/2022,866,866
Scrophulariaceae,dnzefiprxbylwa,05/06/2022,16/12/2021,867,867
Polygonaceae,cdzilgympwfuanh,21/06/2021,22/06/2021,868,868
Crassulaceae,yhaxlntgdjmrzvfu,18/04/2022,12/03/2022,869,869
Cyperaceae,pvdzktcuisawmfjy,18/09/2021,30/11/2021,870,870
Onagraceae,dwrmyzubsjihn,13/12/2021,11/02/2022,871,871
Cistaceae,qpglkdyfvcihtbax,29/11/2021,25/10/2021,872,872
Fabaceae,ixkzhjstdcwbo,24/06/2021,05/04/2022,873,873
Fabaceae,fxqklydncuazsmihetjb,23/03/2022,02/08/2021,874,874
Amaranthaceae,dzfykqnsjchxltwrbo,07/07/2021,18/09/2021,875,875
Grossulariaceae,ngfbmwksrpydxzcte,13/03/2022,29/11/2021,876,876
Parmeliaceae,abmeszurgq,04/03/2022,04/03/2022,877,877
Fabaceae,gisdnjzryvclemkaw,22/05/2022,25/08/2021,878,878
Asteraceae,mhlqdcevbuksrgznfywo,19/02/2022,11/03/2022,879,879
Fagaceae,oljqepxaufgdy,09/02/2022,12/04/2022,880,880
Caprifoliaceae,bgsjvtaolhiqy,10/01/2022,14/02/2022,881,881
Polemoniaceae,ygcisfpvok,06/07/2021,02/11/2021,882,882
Fabaceae,bpunyzrtkevhd,04/06/2022,30/12/2021,883,883
Polemoniaceae,rvbyximghcqwlfdoa,17/12/2021,19/02/2022,884,884
Dicranaceae,cdwgnxehlvmapb,27/04/2022,30/04/2022,885,885
Ranunculaceae,szgdqxrioc,17/09/2021,03/04/2022,886,886
Asteraceae,qmgpdrtoxvczwifs,20/07/2021,23/11/2021,887,887
Piperaceae,jtngfirobdkp,03/10/2021,23/10/2021,888,888
Caliciaceae,ozmyfukgvpjbwhix,15/01/2022,22/09/2021,889,889
Pottiaceae,suwlcvmkebf,30/12/2021,02/08/2021,890,890
Cactaceae,eajpmkbyvlfx,08/02/2022,25/02/2022,891,891
Nyctaginaceae,nsjufkeimgzvbplocy,14/05/2022,17/10/2021,892,892
Fabaceae,qxvemtafzb,02/09/2021,21/12/2021,893,893
Euphorbiaceae,pdlarftsjiokc,12/11/2021,27/03/2022,894,894
Pertusariaceae,rzafoixgqnsubk,09/01/2022,31/05/2022,895,895
Polygonaceae,vqkwsjipeuzbthagonf,14/12/2021,25/10/2021,896,896
Apiaceae,phvyoemcbzl,26/08/2021,16/02/2022,897,897
Cyperaceae,wnrycsoatphjlgdkxfv,12/03/2022,18/02/2022,898,898
Fabaceae,vzlmgxwaubocqdnstr,28/09/2021,19/11/2021,899,899
Selaginellaceae,cqtolvjedfwhmkygsrau,18/12/2021,22/09/2021,900,900
Cornaceae,jxfmtqkbwzsycnuv,12/07/2021,18/04/2022,901,901
Onagraceae,fvnocgmyzlqp,14/02/2022,18/06/2021,902,902
Boraginaceae,ngbqhsyzukmpeorvxac,23/12/2021,01/02/2022,903,903
Euphorbiaceae,cvlyrhqmewxuzpaof,18/08/2021,10/08/2021,904,904
Amaranthaceae,dswfapymniqxujohvre,21/01/2022,21/03/2022,905,905
Portulacaceae,hjakrtuqcvmbznfxws,12/05/2022,23/02/2022,906,906
Orchidaceae,pqzydgomsawrujlec,18/10/2021,14/03/2022,907,907
Solanaceae,ywsjvixfuekzatpon,17/10/2021,11/04/2022,908,908
Onagraceae,kcavjysunwdri,30/03/2022,14/05/2022,909,909
Parmeliaceae,ynrlfawzqikotugejxm,01/06/2022,17/11/2021,910,910
Poaceae,aeuvbkjtgi,02/12/2021,05/06/2022,911,911
Lobariaceae,exlgyputajq,08/09/2021,01/02/2022,912,912
Rhamnaceae,irgkalcqxhfwmjne,13/07/2021,14/01/2022,913,913
Pyrenulaceae,shrikjfpqatevcodw,10/02/2022,29/11/2021,914,914
Euphorbiaceae,gvdxwpasurkfoynbzlhq,24/06/2021,29/12/2021,915,915
Fabaceae,jgxtfecyhadsowbmlzr,05/01/2022,01/08/2021,916,916
Cladoniaceae,klexwsnoipmgcyvd,13/11/2021,28/11/2021,917,917
Parmeliaceae,xpnfsgwbmy,02/12/2021,21/09/2021,918,918
Scrophulariaceae,xtjadunzpwls,27/11/2021,02/08/2021,919,919
Urticaceae,nbyfxmpizt,29/01/2022,12/10/2021,920,920
Potamogetonaceae,hzgtprndjkofya,19/09/2021,11/04/2022,921,921
Rosaceae,dsoxwfnrmqvgcejb,11/05/2022,10/08/2021,922,922
Pyrolaceae,xiavwkcbflzdyusmgphe,07/05/2022,20/01/2022,923,923
Boraginaceae,texgovjbhpy,20/05/2022,13/10/2021,924,924
Cyperaceae,jkiolxusqnahgtrv,13/10/2021,09/08/2021,925,925
Asteraceae,jpabztvireqmkswh,16/03/2022,28/01/2022,926,926
Rubiaceae,btqjrdewfa,07/10/2021,07/01/2022,927,927
Arecaceae,skmwdjznpalqxgtory,26/06/2021,02/12/2021,928,928
Asteraceae,dmnkhjeytgqiwso,18/06/2021,15/04/2022,929,929
Rubiaceae,qhutrjdbgcx,13/02/2022,27/03/2022,930,930
Sapindaceae,dcnvberhslujzkgf,09/02/2022,05/05/2022,931,931
Asclepiadaceae,kclzxyaptrobfei,17/04/2022,15/05/2022,932,932
Solanaceae,jtaidokbsrnx,16/02/2022,19/08/2021,933,933
Polygonaceae,ufmnglpxde,20/09/2021,16/07/2021,934,934
Campanulaceae,nsyrtewvbipg,03/01/2022,04/09/2021,935,935
Fabaceae,infqgytzmp,06/06/2022,17/07/2021,936,936
Chenopodiaceae,lonwhstbyr,15/11/2021,24/01/2022,937,937
Coniocybaceae,xcrgtqpnszlmy,08/12/2021,24/04/2022,938,938
Platanaceae,tmqhwgsxbkadef,25/09/2021,10/06/2022,939,939
Onagraceae,dueawtpmrkqolcinsbj,07/04/2022,17/06/2021,940,940
Apiaceae,ngcqbouhzeytkxsvriw,19/01/2022,19/05/2022,941,941
Scrophulariaceae,pmvqblhniwsyue,22/04/2022,25/06/2021,942,942
Ptychomitriaceae,cbzsqpexrvn,03/11/2021,31/10/2021,943,943
Polygonaceae,edxgpucvnjozlyq,20/06/2021,25/07/2021,944,944
Solanaceae,yhkfnaxsrwgp,11/01/2022,15/11/2021,945,945
Lamiaceae,eqowrkvjlnpzfthyxgad,14/12/2021,20/07/2021,946,946
Fabaceae,omgljwbupyces,06/08/2021,01/01/2022,947,947
Polygonaceae,dfezpsavgckjybmo,12/05/2022,28/08/2021,948,948
Orthotrichaceae,tdfsmpkvaiwbu,13/05/2022,16/01/2022,949,949
Liliaceae,tnlhpfrqiasdmkgeb,05/05/2022,22/06/2021,950,950
Chenopodiaceae,smkrfyhlwqjtdcgupzb,04/11/2021,10/03/2022,951,951
Goodeniaceae,vcujerdnkizlbysow,29/07/2021,09/02/2022,952,952
Caryophyllaceae,zvefbiknsutrp,18/07/2021,11/09/2021,953,953
Xyridaceae,eynhrabowqvzu,28/07/2021,04/03/2022,954,954
Polemoniaceae,nclpeovhxigqk,07/09/2021,06/08/2021,955,955
Asteraceae,umhaolpynxbszqgket,18/10/2021,05/10/2021,956,956
Brassicaceae,xwiunbklmvzpdt,15/01/2022,20/11/2021,957,957
Physciaceae,hjszpgliovyuxwcrbfnk,08/05/2022,04/04/2022,958,958
Asteraceae,ecnrtmufwb,13/02/2022,17/09/2021,959,959
Moraceae,zuvfbtkgqi,23/01/2022,23/08/2021,960,960
Dioscoreaceae,tndmbyhrzsupjofwcqvl,30/08/2021,14/10/2021,961,961
Poaceae,xroczdjfklvbtae,19/10/2021,24/09/2021,962,962
Polemoniaceae,zgyuacoiqfvjebx,11/08/2021,14/06/2021,963,963
Magnoliaceae,ynzkiqromxecpfljug,22/02/2022,13/01/2022,964,964
Verbenaceae,fpmsnezjbw,18/04/2022,09/10/2021,965,965
Boraginaceae,ciztuglphjas,14/12/2021,08/12/2021,966,966
Polygonaceae,vsnlcujbrzyqwtfhg,02/10/2021,02/04/2022,967,967
Pandanaceae,wyjesdfktbhrzxaou,08/09/2021,16/04/2022,968,968
Polemoniaceae,fmapsctnjqybudkxh,04/07/2021,16/03/2022,969,969
Asteraceae,aqcrflsgxe,16/05/2022,12/04/2022,970,970
Ranunculaceae,wgiqncursfb,23/07/2021,01/10/2021,971,971
Physciaceae,myintscgqrvzbo,13/09/2021,25/06/2021,972,972
Asteraceae,pezhwnoqjxmilckfa,12/06/2021,19/11/2021,973,973
Salicaceae,eizfxbtcogmnyjkhd,10/10/2021,29/12/2021,974,974
Dryopteridaceae,toglvqdxuwfejchy,13/11/2021,26/06/2021,975,975
Poaceae,pqygmcohbdvrntuf,28/08/2021,10/05/2022,976,976
Malvaceae,fynklrjxhqpb,21/08/2021,11/03/2022,977,977
Orobanchaceae,ozuipgvkjbchdtsamfex,04/07/2021,15/06/2021,978,978
Poaceae,jyphtamgxfc,09/11/2021,14/03/2022,979,979
Asteraceae,otdwejimkabzxsuyln,26/05/2022,29/05/2022,980,980
Cyperaceae,bhkjyztveslfpim,12/05/2022,08/03/2022,981,981
Uncertain Ascomycota Family,zdhuaqtesvmbcrionjgl,26/09/2021,14/05/2022,982,982
Liliaceae,ysntmrohladvucfkizx,23/02/2022,25/12/2021,983,983
Flacourtiaceae,mcdrjqfgkwevih,12/04/2022,18/05/2022,984,984
Fabaceae,jtfwqdoxuvpsbhzcmny,15/02/2022,09/01/2022,985,985
Grossulariaceae,jwpauhycibxdflozks,21/08/2021,24/08/2021,986,986
Aizoaceae,oaunsicwhkrdqg,22/06/2021,30/09/2021,987,987
Hydrophyllaceae,vbxcepzquyjthrgs,14/05/2022,20/03/2022,988,988
Asteraceae,pnavszbmceof,10/05/2022,15/01/2022,989,989
Cyperaceae,ikbfujoegvyslprnc,02/03/2022,28/11/2021,990,990
Myrtaceae,cdrnhvkfmtways,17/06/2021,21/02/2022,991,991
Polygonaceae,joysdwmvfriuz,10/01/2022,06/04/2022,992,992
Cyperaceae,gwvatieqxpblfysjdmh,10/10/2021,30/09/2021,993,993
Coniocybaceae,shlnrfjtvkgpeodac,09/04/2022,26/08/2021,994,994
Sphagnaceae,lqruyaxiowjgnsk,11/05/2022,06/05/2022,995,995
Chenopodiaceae,znkcfgpxatdlriqvoeus,26/05/2022,03/03/2022,996,996
Brassicaceae,knaphwluyfmcjdgvezs,29/06/2021,11/01/2022,997,997
Amaranthaceae,ctxfwrqbegm,18/11/2021,20/06/2021,998,998
Lamiaceae,reimvnpfztb,29/12/2021,27/11/2021,999,999
Arthoniaceae,epzhujwnstmxvb,20/01/2022,04/04/2022,1000,1000
